-gastado	C1
abajo	B2
abandonar	B2
abandono	C2
abanico	C2
abarcar	C2
abarrotada	C2
abarrotado	C1
abarrotar	C1
abastecedor	C2
abastecer	C2
abastecimiento	C1
abatible	C2
abatido	C1
abatir	C2
abdominal	C1
abierta	A2
abiertamente	C1
abierto	A1
abiertos	B2
abismal	C2
ablandar	C1
abogado	A1
abolir	C1
abolladura	C2
abominable	C2
abominar	C2
abonado	C1
abonar	C2
abonarse	C1
abono	C2
aborrecer	C1
aborrecible	C1
aborto	B2
abrasador	C2
abrazar	B1
abrazarse	B1
abrebotellas	B2
abrecartas	C1
abrelatas	B2
abrevadero	C2
abrigo	A2
abrillantar	C2
abrir	A1
abrirse	C2
abrumador	C1
abrupta	C1
abrupto	C2
absentismo	C2
absolución	C2
absoluta	C1
absolutamente	B2
absoluto	C2
absolutoria	C2
absolver	C2
absorbente	B2
absorber	B2
absorción	C1
abstemio	C1
abstención	B2
abstenerse	B2
abstracción	C2
abstracta	B2
abstracto	B2
absurdo	B2
abuchear	C2
abuelete	C2
abuelo	C1
abultado	C2
abultar	C2
abundancia	C1
abundante	B2
abundantemente	C1
abundar	C1
aburrido	A2
aburrimiento	B2
aburrir	B2
aburrirse	B1
abusar	C1
abusivo	C2
acabable	C1
acabado	B2
acabados	C1
acaban	C1
acabar	A2
acabarse	B2
academia	A2
académica	C1
académico	B2
acaecer	C2
acallar	C2
acalorado	C2
acaloramiento	C2
acampar	B2
acantilado	C2
acariciar	B2
acatamiento	C2
acatar	C2
acceder	C1
accesibilidad	C1
accesible	C1
acceso	B2
accidentado	C1
accidente	B2
accionar	C2
accionista	B2
acción	B2
aceite	A2
aceitoso	C1
aceleración	C1
acelerado	C1
acelerador	C1
acelerar	B2
acelgas	C1
acentuar	C2
aceptable	B2
aceptación	C1
aceptar	B1
acequia	C2
acera	B2
acercamiento	C1
acercar	B2
acercarse	B1
acero	B1
acertar	B2
achacoso	C2
achaque	C2
achicar	C2
achicharrarse	C2
acicalar	C2
acicalarse	C2
acidez	C1
acierto	C1
aclamar	C2
aclaración	B2
aclarar	C1
acogedor	B2
acoger	C1
acogida	C1
acolchado	C2
acomodada	C2
acomodador	B2
acomodar	C2
acomodo	C2
acompasado	C2
acondicionado	B2
acondicionar	C1
acontecer	C2
acontecimiento	B2
acordarse	B1
acorde	C2
acordonar	C2
acortar	C1
acosar	C2
acoso	C1
acostado	B1
acostarse	A2
acotación	C2
acre	C2
acreditar	C1
acreedor	C2
acrobático	C2
acrílica	C2
actitud	B1
activa	B2
actividad	B1
actividades	A2
acto	B2
actor	A1
actriz	A1
actuación	B2
actual	B2
actualidad	C1
actualización	C1
actualizar	C1
actualmente	B1
actuar	C1
acuarelista	C2
acudir	C1
acuerdo	B2
acumularse	C1
acuoso	C2
acuosos	C2
acupuntor	C2
acupuntura	C2
acusado	B2
acusar	C1
acuática	B2
acuático	B2
acá	C2
acústica	C1
adaptación	B2
adaptar	B2
adecentar	C2
adecuación	C1
adecuado	C1
adecuarse	C1
adelantado	B2
adelantamiento	C1
adelantar	B2
adelante	C1
adelanto	C1
adelgazar	B1
adentrar	C1
adentrarse	C2
adentro	B2
adepto	C2
aderezar	C2
adherencia	C2
adherente	C1
adherido	C2
adherir	C2
adhesivo	C1
adhesión	C1
adicional	C1
adición	C2
adinerada	C2
adiposo	C2
adivinar	B1
adjudicar	C1
adjuntar	B1
administración	B1
administrador	B2
administrar	C2
administrativa	C1
admirable	C1
admiración	B2
admirado	C1
admirador	C1
admirar	C2
admisible	C1
admitir	C1
adn	C1
adobar	C2
adolescencia	B2
adolescente	A2
adoptar	B1
adoptiva	B2
adoquinado	C2
adorar	B2
adorno	B2
adosado	C1
adquirido	C1
adquirir	C1
adquisición	C1
adscrito	C2
adsl	B2
aduanero	C2
aducir	C2
adulta	B2
adulterar	C2
adulto	A2
adversa	C2
adversario	C1
advertencia	C1
advertencias	C1
adyacente	C2
aeronave	C2
aeroplano	C2
aeropuerto	A1
aerosoles	C1
afable	C2
afamado	C2
afectado	C1
afectar	C1
afectivamente	C2
afecto	C1
afectuosamente	B2
afeitarse	A2
aferrar	C2
aferrarse	C2
aficionado	B2
afición	A2
afiliarse	C1
afinado	C2
afinar	C2
afinidad	C2
afirmación	B2
afirmar	B2
aflorar	C2
afluencia	C2
afluente	C1
aforo	C2
africano	C1
afrontar	C1
afrutado	C1
afuera	B2
afueras	B1
afán	C1
agachado	B2
agacharse	B2
agarrado	C1
agarrar	C2
agasajar	C2
agencia	A2
agenda	A2
agente	B2
agilizar	C1
agitación	C1
agitado	C1
agitar	C1
aglutinar	C2
agnóstico	B2
agobiado	B2
agobiante	C1
agobiarse	C1
agobio	C1
agonizar	C2
agotable	C1
agotado	B2
agotar	B2
agotarse	B2
agradable	B2
agradar	C1
agradecido	C1
agradecimiento	B2
agrandar	C1
agravarse	C1
agregar	C2
agresividad	B2
agresivo	C1
agreste	C2
agriar	C2
agricultor	A2
agricultura	B1
agridulce	B2
agrio	B2
agrupación	C1
agruparse	C1
agrícola	B2
agua	A1
aguacero	C2
aguanieve	C1
aguantar	C1
aguantarse	C1
aguar	C2
aguas	C1
aguda	C2
agudeza	C2
agudizarse	C1
agudo	B2
aguileña	C1
aguinaldo	C2
aguja	B2
agujero	B1
aguzar	C2
ahogar	C2
ahora	A1
ahorrar	B2
ahorro	B2
ahorros	B2
ahuecar	C2
ahumado	C1
ahumar	C2
ahí	B1
aire	A1
airoso	C2
aislado	B2
aislamiento	C1
aislar	C1
aislarse	C1
ajado	C2
ajardinada	B2
ajetreado	C2
ajo	A2
ajustadamente	C2
ajustado	B2
ajustar	C2
ajustarse	C1
ajuste	C2
al	A1
ala	B1
alabar	C1
alameda	C2
alargado	C1
alargar	C1
alarido	C2
alarma	B2
alarmante	C2
alarmantes	C1
alas	B2
albahaca	B2
albarán	C2
albañilería	B2
albergar	C2
albergue	B2
albornoz	B2
alboroto	C2
alcalde	B1
alcance	C1
alcantarilla	C1
alcantarillado	C2
alcanzar	B2
alcohol	A2
alcohólica	C1
alcohólico	C1
alcurnia	C2
aldea	C1
aledaño	C2
aledaños	C2
alegar	C2
alegrarse	B1
alegre	B2
alegremente	C2
alegría	B2
alejado	B2
alejamiento	C1
alejar	B2
alejarse	B1
alelado	C2
alemán	A1
alergia	A2
alfalfa	C2
alfiler	B2
alfombra	B1
alféizar	C2
alga	B2
algo	B2
algodón	B1
alguien	B2
alguna	C1
algunas	A2
aliado	B2
alianza	B2
alias	C2
alicatar	C2
alijo	C2
alimaña	C2
alimentación	B1
alimentar	C2
alimenticio	B2
alimento	B1
alimentos	B2
alineación	C2
alinear	C2
alisar	C2
alisarse	C2
alisio	C2
alistarse	C1
aliviar	C1
alivio	B2
aliñar	B1
allanar	C2
allegado	C2
allegados	C2
allá	C1
allí	A1
alma	B2
almeja	B2
almendras	B2
almohadilla	C1
alojamiento	A2
alojarse	B2
alpinismo	B2
alquilar	A1
alquiler	B1
alrededor	A2
alrededores	B2
alta	C1
altar	C1
altas	C1
altavoz	B2
alterable	C1
alteración	C1
alterar	C1
alterna	C2
alternador	C2
alternar	C2
alternativa	C1
alternativamente	C1
altitud	B2
alto	A1
altruismo	C1
altruista	C1
altura	B2
alubias	C1
alucinación	C1
alucinante	C1
alucinar	C1
alud	C2
aludir	C2
alumbrado	C1
alumbrar	C2
aluminio	B1
alumnado	B2
alumno	A2
alunizar	C2
aluvión	C2
alzar	C2
alzarse	B2
ama	A1
amabilidad	B1
amable	A2
amainar	C2
amanecer	B2
amar	B2
amarga	C2
amargo	B1
amargor	C1
amarilla	B2
amarillentos	B2
amarillo	A1
amateur	C1
ambicioso	B2
ambición	B2
ambiente	B1
ambientes	C1
ambiguo	C1
ambigüedad	C1
ambulancia	A2
ambulatorio	B2
ameba	C2
amenaza	B2
amenazar	B2
amenizar	C2
ameno	C1
amigo	A1
amigote	C2
amiguismo	C2
amistad	B1
amistosa	B2
amistoso	C2
amnesia	C2
amnistía	C2
amoldar	C2
amoldarse	C1
amonestar	C2
amoniaco	C2
amor	B1
amor-odio	C1
amorfo	C2
amorosa	B2
amortiguar	C2
amortizable	C2
amortización	C2
amortizar	C1
amparar	C2
ampliar	B2
amplificar	C2
amplio	B2
ampolla	C2
amueblado	A2
amueblar	B2
amuermar	C2
américa	B1
anacardo	C2
anagrama	C1
analgésico	B2
analizar	B2
analítico	C2
analógica	B2
analógico	B2
anarquía	B2
ancestral	C2
ancestros	C2
ancho	A2
anchura	B2
anciano	B2
anclar	C2
anclarse	C2
anda	C1
andaluza	B1
andamio	C1
andando	A1
andar	A2
andarse	C2
andén	B1
anecdótica	C2
anecdótico	C1
anegado	C2
anegar	C2
anemia	C1
anestesiar	B2
anestesista	B2
anfibio	C2
anfitrión	C1
anglicana	B1
angular	C1
anguloso	C2
angustia	B2
angustiarse	C2
angustiosa	C2
anhídrido	C2
anillo	B1
animada	C1
animado	B2
animal	A1
animar	C2
aniquilar	C2
aniversario	B1
anoche	B1
anochecer	B2
anomalía	C2
anorak	B2
anorexia	C1
anormal	B2
anormalidad	C1
ansiedad	B2
antagonista	C2
antaño	C2
ante	B2
anteanoche	C2
anteayer	B1
antecedente	C1
antecesor	C1
antediluviano	C2
antefirma	C1
antelación	C1
antena	C1
antepasado	C1
antepasados	C1
antepenúltimo	C1
anterior	B2
anterioridad	C1
anteriormente	B2
antes	A1
antesala	C2
antibiótico	B1
anticaspa	C1
anticelulítica	C1
anticiclón	B2
anticipación	C1
anticipadamente	C1
anticipado	C1
anticipar	C1
anticipo	B2
anticuado	C1
antiestético	C1
antigua	A2
antigualla	C2
antiguamente	B2
antiguo	A2
antiguos	B2
antigüedad	C1
antiinflamatorio	B2
antiniebla	C1
antioxidante	C2
antipiojos	C1
antipirético	C2
antipático	A1
antivirus	B1
antológica	C1
antártico	C2
anual	B2
anualmente	B2
anular	C1
anunciante	C1
anunciar	B2
anuncio	A2
anuncios	A2
anverso	C2
análisis	B1
anécdota	B2
anómalo	C2
anónima	C1
apacible	C2
apaga	C2
apagada	C1
apagar	B1
apagarse	B2
apaisado	C2
apalabrar	C2
aparato	C1
aparcado	B2
aparcamiento	A1
aparcar	B1
aparearse	C1
aparecer	B1
aparejador	B2
aparejo	C2
aparentar	B2
aparente	C1
aparentemente	B2
aparición	C1
apariencia	C1
apartado	C1
apartamento	A1
apartar	B2
aparte	C1
apartotel	C1
apasionado	B2
apasionamiento	C1
apasionante	C1
apego	C2
apelación	C2
apelar	C2
apellidarse	A2
apellido	A1
apenado	B2
apenas	C1
aperitivo	A2
apero	C2
apertura	C1
apestar	C1
apestoso	C1
apetito	C1
apetitoso	C1
apilar	C2
aplacar	C2
aplastado	C1
aplastante	C1
aplastar	C1
aplaudir	B2
aplauso	B2
aplazamiento	C1
aplazar	C1
aplicación	C1
aplicado	C2
aplicar	C1
aplicarse	C2
apodo	C2
aportar	C1
aposento	C2
apostar	B2
apostilla	C2
apostillar	C2
apoteósico	C1
apoyado	C1
apoyar	B2
apoyo	B2
apreciable	C2
apreciación	C1
apreciar	C1
aprecio	C2
apremiante	C2
aprender	A1
aprendiz	C1
aprendizaje	B2
apretado	B2
apretar	C2
apretarse	C2
aprobación	C1
aprobar	B2
apropiado	B2
aprovechable	C1
aprovechamiento	C2
aprovechar	B2
aproximación	C1
aproximada	B2
aproximado	B2
aproximar	B2
aproximarse	B2
aptitud	C1
apto	C2
apuesto	C1
apuntar	C1
apuntarse	B2
apuntes	B1
apurada	C2
apuro	C2
aquí	A1
arado	C2
arancel	C2
arar	C2
araña	A2
arañar	B2
arañazo	C2
arbitrario	C2
arbusto	B2
arcaico	C1
arcaísmo	C2
archivador	C1
archivar	B1
arco	B2
arcoíris	B2
arcén	C1
arder	C1
ardor	C1
arduo	C2
arena	B1
arenoso	C1
argumentación	C1
argumento	B2
argüir	C2
aridez	C2
arista	C2
aristocracia	C1
aristócrata	C1
arma	C1
armada	B2
armadas	C2
armador	C2
armar	C2
armario	A1
armoniosamente	B2
armonioso	C1
armonía	B2
arnés	C2
aroma	B2
aromático	C1
arqueado	C2
arquear	C1
arquetipo	C2
arquitecto	A2
arquitectura	B1
arquitectónico	B2
arrabal	C2
arrancar	B2
arranque	C2
arrasar	C2
arrastrar	B2
arrebatadora	C2
arreciar	C2
arreglar	B1
arreglo	B2
arrendador	C2
arrendatario	C2
arrepentirse	C1
arresto	C1
arriba	B2
arriesgada	C1
arrimar	C2
arrimarse	C1
arrinconar	C2
arroba	C2
arrogancia	B2
arrogante	B1
arrojar	C1
arrolladora	C2
arrolladoramente	C2
arroyo	C2
arroz	A2
arruga	B2
arrugada	C1
arrugado	B2
arrugar	C1
arrugas	B2
arruinado	C1
arruinarse	C1
arte	C2
arteria	B2
artes	B2
articulación	B2
articular	C2
articulista	C2
artificial	B2
artillería	C2
artista	A2
artículo	B2
artística	B2
artístico	B1
arzobispo	C1
as	C2
asada	B2
asalariado	C1
asaltar	C1
asalto	C1
asar	B1
asarse	C2
ascender	C1
ascendiente	C2
ascenso	C1
ascensor	A1
ascensorista	C2
asco	B2
asear	C1
asediar	C2
asedio	C2
asegurar	B2
asentamiento	C2
aseo	C1
aseos	B1
asepsia	C2
asequible	C1
aserción	C2
asesinar	B2
asesinato	B2
asesino	B1
aseveración	C2
aseverar	C2
asfaltado	C2
asfaltar	C2
asfixiante	C1
asia	B1
asiduamente	C2
asiduo	C2
asiento	B1
asientos	C1
asignatura	B1
asilo	C1
asimilar	C1
asir	C2
asistencia	B2
asistente	B2
asistir	B2
asmática	C2
asociación	B2
asociar	C1
asociarse	C1
asolar	C2
asombrarse	C1
asombroso	C1
asonancia	C2
asonante	C2
aspecto	B2
aspiraciones	C1
aspiración	C1
aspirante	C1
aspirar	C1
aspirina	B1
asqueroso	B2
asterisco	C1
astigmatismo	C2
astracán	C2
astral	C2
astro	C1
astrofísica	C2
astrología	B2
astronauta	B1
astronomía	B2
astronómico	C2
astrónomo	B2
astuto	C1
asueto	C2
asumir	C1
asunto	B2
asustado	B1
asustarse	B2
atacar	B2
atajar	C1
ataque	B2
atar	C2
atardecer	B2
atasco	B1
ataúd	C2
atención	B2
atender	B1
ateneo	C2
atenerse	C1
atentado	B1
atentamente	B2
atentar	B2
atento	B2
atenuar	C2
ateo	B1
aterrizar	B1
aterrorizado	C2
atestiguar	C2
ateísmo	B2
atiborrarse	C2
atinado	C2
atletismo	B1
atlántico	B1
atmósfera	B1
atontado	C1
atosigar	C2
atracar	C2
atracción	C1
atraco	B2
atractivo	B2
atraer	C1
atrapado	C2
atraso	C1
atravesado	C1
atravesar	B2
atrayente	C1
atrevido	C1
atronador	C2
atropelladamente	C2
atropellado	C2
atroz	C2
atrás	C1
ats	C1
atuendo	C2
atufar	C2
atómica	C1
atómicos	B2
atún	A2
audición	B2
audiencia	C1
audioconferencia	B2
audiovisual	B2
auditivo	C1
auditorio	C1
augurar	C2
aula	A2
aullar	C2
aullido	C2
aumentar	B1
aumento	B2
aunar	C2
aureola	C2
auricular	C1
aurresku	C2
ausencia	B2
ausentarse	C1
ausente	B2
austera	C1
austeridad	C1
austero	C1
autobús	A1
autoevaluación	B2
automática	C1
automóvil	C1
autonómica	C2
autonómicas	B2
autonómico	C1
autopista	B1
autor	B2
autorizado	C2
autoservicio	B2
autovía	B2
autóctona	B2
autónomo	C1
auxiliar	B1
auxilio	C1
aval	C2
avalancha	C2
avalar	C2
avalista	C2
avance	C1
avanzada	C2
avanzar	B2
ave	B1
avecinarse	C2
avejentado	C2
avellanas	B2
avena	C2
avenencia	C2
avenida	A1
avenirse	C2
aventajado	C2
aventajar	C2
aventura	C1
aventurero	C2
avergonzado	B2
avergonzarse	B2
averiarse	B2
aversión	C2
avería	C1
aves	C1
aviación	C2
aviador	C1
avinagrado	C2
avioneta	C1
avisar	B2
aviso	B2
avión	C1
axioma	C2
ayer	A1
ayuda	B1
ayudante	B1
ayudar	B1
ayunar	B2
ayuntamiento	A2
azada	C2
azafata	A2
azaroso	C2
azotar	C2
azotea	C2
azul	A1
azulejo	C2
azulejos	C2
azules	A1
azúcar	A2
aéreas	C2
aéreo	B2
añadir	B2
añejo	C2
año	A1
años	A1
aún	B2
babor	C2
bacalao	B2
bache	B2
bachillerato	B1
bacteria	C2
bacterias	C2
bahía	C1
bailaor	C1
bailar	C1
bailarín	B1
baile	B1
bailotear	C2
baja	C1
bajada	B1
bajar	A2
bajarse	B1
bajas	C1
bajo	A1
bala	B2
balada	C1
balancearse	C1
balbucir	C2
baldosa	C2
ballet	B1
balneario	B2
balón	B1
banca	C1
bancaria	C1
bancarrota	C2
banco	A1
banda	B2
bandera	B2
banderín	C2
banquero	C1
banquete	B2
bar	A1
baraja	C2
barajar	B2
barata	C1
barato	A1
barba	A1
barbaridad	C1
barbilampiño	C2
barbilla	B2
barco	B1
barman	B2
barnizado	C1
barnizar	C1
barquero	C2
barra	A2
barranco	C2
barrer	B1
barrica	C2
barricada	C2
barriga	B1
barrio	A2
barro	B2
barroca	B2
barroco	B2
barullo	C2
basarse	B2
base	B2
bastante	A1
bastardo	C2
basto	C1
bastos	C2
basura	B1
basurero	B2
bata	B2
batalla	B2
batallar	C2
batería	B1
batidora	B2
batir	B1
batuta	C2
bautismo	C1
bautizo	B2
bayeta	C1
bazar	C2
bañador	A2
bañarse	A1
bañera	A2
baño	A1
baños	B1
beato	C1
bebedero	C2
beber	A1
bebida	A2
bebidas	B1
bebé	A2
beca	B1
becario	C1
belleza	B2
bendecir	B2
bendito	C1
beneficio	C1
beneficios	C1
beneficioso	C1
berenjena	B1
besar	B1
besarse	B1
bestia	C1
biblia	B1
biblioteca	A1
bicho	C1
bici	C1
bien	A1
bienes	C1
bienio	C2
bifurcarse	C2
bigamia	C2
bigote	A1
bilingüe	B2
billete	A1
bimensual	C1
bimotor	C2
biodiversidad	C1
biografía	B1
biología	B1
biológica	C1
biológico	B2
biomasa	B2
bioquímica	C2
biosfera	B2
biotecnología	C1
biquini	A2
bisabuelo	B2
bisexual	B1
bisnieto	C1
bizco	C2
bizcocho	B1
biógrafo	C2
biólogo	B1
blanca	C1
blanco	A1
blancos	B2
blandengue	C2
blando	B1
blanquear	C1
blasfemar	C2
blasfemia	C2
blindar	C2
bloque	B1
bloquear	B2
bloquearse	C1
blusa	A2
boca	B2
bocacalle	C2
bocadillo	A1
bocanada	C2
bocazas	C2
bochorno	C1
boda	B1
bodas	B2
bol	B2
boletín	C2
bollería	B2
bolsa	B1
bolsas	C1
bolso	A1
bolígrafo	A1
bomba	B1
bombardear	C1
bombero	A1
bombilla	B2
bonanza	C2
bondad	C2
bonificación	C2
bonito	A1
bonos	C2
boquiabierto	C2
bordado	C1
borde	C2
bordear	C2
borrador	B2
borrar	B2
borrasca	B2
borrosa	C1
borroso	C1
bosque	A2
bostezar	B2
botar	C2
botas	A2
botavara	C2
bote	B1
botella	A2
botiquín	B2
botones	C2
botánica	C1
botánico	C1
botín	C2
botón	C1
bovino	C1
bozal	C1
braga	A2
bragueta	C2
bravo	B2
brazo	A2
brebaje	C2
brecha	C2
breve	B2
bricolaje	B1
brillante	B2
brillar	B2
brillo	C1
brindar	B2
brisa	C1
británica	C1
brizna	C2
bronce	B2
bronquitis	B2
brotar	C2
brote	C2
bruma	C2
brusco	C1
bruscos	C1
bruto	C1
brutos	C1
brújula	C1
bucal	C1
buceador	B1
budismo	B2
budista	B2
buen	A1
buena	B2
buenas	B1
bueno	A1
buenos	B2
buenísimo	B1
bufanda	A2
bufete	B1
bufé	B2
buhardilla	B2
buitre	C1
bujía	C2
bujías	C2
bulo	C2
bulto	C1
bungaló	B2
buque	C2
burguesía	C1
burgués	C1
burlar	C1
burocracia	B1
bus	B1
buscador	B1
buscar	A2
butaca	B2
butacas	C1
buzoneo	B2
buzón	B1
báltico	B1
bárbaro	C2
básica	B2
básicamente	B2
básico	B2
básicos	B2
bóveda	C2
cabal	C2
cabalgar	C1
caballero	C1
caballo	A2
cabaña	C1
cabecera	C2
cabello	C1
caber	B1
cabeza	A2
cabezazo	C2
cabida	C2
cabina	A2
cable	B2
cabo	B2
cacharro	B2
cachorro	C1
caco	C2
cacofonía	C2
cada	B2
cadena	B1
cadenas	C1
cadencia	C2
cadera	C1
caduca	C1
caducado	C1
caducar	C1
caducidad	C1
caduco	C2
cadáver	B2
caer	B1
caerse	B1
cafetera	B1
cafetería	A2
café	A1
caja	A2
cajero	A2
cala	C2
calabacín	B1
calado	C2
calar	C2
calcar	C2
calcetines	A2
calcinar	C2
calcular	B2
caldeado	C2
caldear	C2
calefacción	A1
calendario	B1
calentar	B1
calentarse	C1
calibrar	C2
calibre	C2
calidad	B2
caliente	A1
calificación	C1
calificar	C1
callado	B1
calle	A1
callejero	B1
callejón	C1
calmante	B2
calor	A1
calorías	B1
calumnia	C1
calurosamente	B2
caluroso	B2
calvicie	C2
calvo	B2
calzada	C2
calzador	B2
calzar	B1
calzoncillo	A2
cama	A1
camada	C1
camaleónico	C2
camarada	C2
camaradería	C2
camarero	A1
camarote	C1
cambiante	C1
cambiar	A1
cambiarse	A2
cambio	A2
camilla	B2
camillero	C1
caminar	A2
camino	B1
camioneta	C1
camisa	A1
camisón	B2
camión	B1
campal	C2
campaña	B2
campeonato	B2
campesino	B2
campestre	C1
campin	A1
camping	B1
campo	A1
campus	B1
camuflar	C2
cana	B2
canal	B1
cancelar	B1
canción	A2
candente	C2
candidato	B2
canguro	B1
canina	C2
canje	C2
canjear	C2
canoa	C1
canon	C2
canoso	C1
cansada	C2
cansado	C2
cansancio	B2
cansarse	B1
cantante	A1
cantar	C2
cantidad	B1
cantimplora	C1
cantina	C2
cantinela	C2
canturrear	C2
capa	B2
capacidad	B2
capacitado	C1
capacitar	C1
capataz	C2
capaz	B2
capilar	C2
capilla	C1
capital	A1
capitalizar	C2
capitel	C2
capitán	B1
capricornio	B2
captar	C2
captura	C1
capturar	C1
capítulo	B1
cara	C1
carabela	C2
caracol	C1
caracteres	C2
caracterizarse	B2
característica	B2
característico	B2
caramelo	B2
caravana	B1
carbón	B2
cardenal	C1
cardinal	C2
carecer	C1
carencia	C1
carga	B2
cargamento	C2
cargante	C2
cargar	B2
cargarse	C2
cargo	B2
carguero	C2
caricaturista	C2
cariño	B2
cariñosamente	C1
carne	A1
carnicero	A2
carnicería	A2
carnosos	C1
carné	A1
carnívora	B2
carnívoro	C1
caro	A1
carpeta	B1
carpintería	B2
carrera	B1
carretera	A1
carretilla	C1
carril	C1
carrito	B1
carro	B1
carrocería	C2
carta	A1
cartearse	C1
cartel	B1
cartelera	B1
cartera	C2
carterista	C2
cartero	B1
cartografía	C2
cartucho	C2
cartulina	B2
cartílago	C1
cartón	B1
carácter	A2
casa	A1
casado	B2
casarse	A2
cascada	B2
casco	B1
casera	B1
casero	B1
caserío	C2
caserón	C2
casi	B1
casilla	B1
casona	C2
caspa	C1
casta	C2
castidad	C2
castillo	A2
casual	C1
casualidad	B2
casualmente	B2
cata	C1
catar	C1
catarata	C1
catastro	C2
catastrófico	C1
catear	C2
catedral	A1
catedrático	B2
categoría	B2
catolicismo	B2
catálogo	B1
catártico	C2
catástrofe	B2
católica	B1
católico	B1
cauce	C1
caucho	C1
caudal	C2
caudaloso	C1
causa	C2
causar	C1
cautela	C2
cautivar	C2
cava	A2
cavilación	C2
cavilar	C2
cazador	B1
cazadora	A2
cazo	B1
cazuela	B2
caída	B2
caído	C1
caña	C1
cañón	B2
caótico	C1
cd-rom	A2
cebada	C2
cebarse	C2
cebolla	A2
ceda	B2
ceder	C2
cefalea	C2
cegar	C2
cegato	C2
ceguera	B2
ceja	B2
cejijunto	C2
celador	C2
celebración	B2
celebrar	B1
celeridad	C2
celeste	C2
celo	B2
celular	C1
cemento	B2
cena	A1
cenar	A1
censo	C2
censura	B2
centenario	C1
centilitro	C2
centollo	C1
central	B2
centralita	C1
centralizar	C1
centrar	C1
centrifugado	C1
centrifugar	C1
centro	B2
centrocampista	C2
centrífuga	C2
centrífugo	C2
centrípeta	C2
centrípeto	C2
centígrado	B1
centímetro	A2
centímetros	B1
cepillarse	A2
cepillo	A2
cera	B2
cerca	A1
cercano	B2
cercanía	C1
cerciorarse	C2
cerdo	A2
cereales	A2
cerebro	B2
ceremonia	B2
cereza	B1
cerrado	A1
cerrados	B2
cerrar	A1
cerrársele	C1
certamen	C1
certero	C2
certeza	B2
certidumbre	C1
certificada	B2
certificado	A2
certificar	B2
cerveza	A1
cervical	C2
cerámica	B2
cesar	C2
cese	C2
cesta	B1
cesárea	B2
cetáceo	C2
ceñido	C1
ceñirse	C2
chabola	C1
chaleco	B2
chalé	A2
champán	A2
champú	A2
chamuscar	C2
chanchullo	C2
chapa	C2
chaparrón	B2
chapotear	C2
chapucero	C2
chapurrear	C2
chapuza	C2
charla	C1
charlar	C1
charlatán	C1
chasis	C2
chasquido	C2
chat	A2
chata	C1
chatear	A2
chaval	C1
chef	A2
cheque	A2
chequeo	B2
cheques	B1
chica	A1
chico	A1
chillar	C1
chillido	C1
chillona	C1
chillón	C1
chimenea	C1
china	A2
chino	A2
chiringuito	C1
chirlas	C1
chirona	C2
chirriar	C2
chirrido	C2
chisme	C2
chismorreo	C2
chispear	C2
chiste	B1
chocante	C2
chocar	B2
chocolate	A2
chorizo	B1
chorrear	C1
chorro	B2
choza	C1
chubasco	C2
chucherías	C1
chuleta	B1
chulo	C2
chupado	C2
chupar	C2
chutar	C2
chuzos	C2
chándal	B1
chárter	B2
cibercafé	B1
ciberespacio	C1
cibernética	C2
cicatrizar	C1
ciclismo	B1
ciclista	B1
ciclo	B2
ciclón	C2
ciega	C1
ciegamente	C2
ciego	B2
cielo	A2
cien	A2
ciencia	A2
científica	B2
científicamente	C1
científico	A2
cierre	C1
cierta	B2
ciertamente	C1
cierto	B2
cifra	B2
cigala	C1
cigüeña	C1
cilindro	C2
cilíndrico	C2
cima	C1
cimientos	C2
cincelador	C2
cincelar	C2
cincuentón	C2
cine	A1
cineclub	C2
cinematográfico	B2
cinta	C2
cintura	C1
cinturón	B1
cinéfilo	C2
cinética	C2
circo	C2
circuito	C2
circulación	B2
circular	B2
circunferencia	C1
circunstancial	C1
cirugía	B2
cirujano	B1
cisterna	C1
cita	A2
citar	C2
ciudad	A1
ciudadano	B1
civil	B1
civilizadamente	C1
civismo	C2
ciática	C2
clamor	C2
clan	C1
claqueta	C2
clara	B1
claramente	B2
clarear	C2
claridad	B2
clarificar	C2
clarinete	B2
claro	A1
claros	A1
claroscuro	C2
clase	B1
clases	B2
clasicismo	B2
clasificado	C1
clasificar	B2
clasificarse	B2
claustro	C1
clausura	C1
clausurar	C1
clavados	B2
clavar	C2
clavícula	C2
claxon	C1
cliente	A2
clientela	B2
clientes	B1
clima	B1
clip	B2
clorofila	C2
cloroformo	C2
club	B1
clásica	A2
clásico	B1
cláusula	B2
clínica	B1
coartada	B2
cobarde	B2
cobardía	B2
cobertura	C1
cobrar	B2
cobre	B2
cobro	B2
cocear	C2
cocer	B1
cochambroso	C2
coche	B2
cochinillo	C2
cocido	B1
cocina	A1
cocinar	A2
cocinero	A2
coco	C1
cocodrilo	B1
codearse	C2
codera	C2
codificada	C2
codo	B1
codorniz	C1
coetáneo	C2
coexistencia	C2
coger	A2
cognición	C2
cognitivismo	C2
cohabitar	C2
coherencia	C1
coherente	C1
cohete	B1
cohetes	B2
coincidencia	B2
coincidir	B2
col	C1
cola	B1
colaboración	B1
colaborar	B1
colador	C1
colapsada	C2
colar	C2
colchoneta	B2
colchón	C1
coleccionar	B1
colectiva	C1
colectivo	C1
colega	B1
colegial	C2
colegio	A1
coletilla	C2
colgante	B2
colgar	B1
colgarse	C2
colina	B2
colindante	C2
colisionar	C2
collar	B1
colmado	C2
colmar	C2
colocado	B2
colocar	B2
colocarse	C1
colon	C1
colonia	A2
colonial	C1
color	A2
coloración	C1
colorado	B2
colorante	B2
colorear	C1
colores	B2
colorete	B2
colorido	B2
colosal	C2
columna	B2
columnas	C2
columnista	C2
columpiar	C1
colérico	C2
comandante	C1
comarca	C1
comarcal	B2
combate	C1
combatir	C1
combinado	C2
combinar	B2
combustible	C1
combustión	C2
comedero	C2
comedia	B1
comedido	C2
comedor	B2
comentar	B2
comentario	B2
comenzar	B1
comer	A1
comercial	A2
comercialización	B2
comercializar	C1
comerciante	B2
comerciar	C1
comercio	B1
comerse	C2
comestible	B2
cometa	B2
cometer	C1
comible	B2
comida	A1
comienzo	B2
comilón	C1
comisario	B2
comisaría	A2
comisiones	B2
comisión	B2
comité	B2
como	B2
comodín	C2
compacto	C1
compadecer	C1
compadre	C2
compaginar	C2
comparar	B1
comparecencia	C2
comparecer	C2
comparsa	C2
compartimento	B2
compartir	A2
compasión	B2
compatibilidad	C2
compatible	C1
compañerismo	C2
compañero	A1
compañía	B1
compenetrarse	C2
competencia	B2
competente	B2
competición	B1
competidor	C1
competir	C1
competitiva	C2
competitivo	C2
compinche	C2
complaciente	C2
complejidad	B2
complejo	B2
complementaria	C1
complementos	B2
completamente	B2
completar	A2
complexión	C2
complicado	B1
complicar	B2
complicarse	C1
componer	B2
componerse	B2
comportamiento	B2
comportarse	C1
composición	C1
compositor	B1
compra	B1
comprado	B2
comprador	A1
comprar	C2
comprender	B1
comprensible	C1
comprensivo	B2
comprensión	B2
comprimido	C1
comprimir	C1
comprobar	B2
compromiso	B2
compuesto	B2
compulsivamente	C2
compulsivo	C2
computar	C2
compás	B2
comulgar	B2
comunicación	B2
comunicado	A1
comunicar	B2
comunicarse	B1
comunidad	B1
comunismo	B2
comunista	B1
comunitario	B2
comunión	B2
común	B2
con	A1
concebir	C1
conceder	B2
concejal	C1
concentrarse	C1
concepto	C1
conceptual	C1
concertado	B1
conciencia	C1
concienzudamente	C2
concienzudo	C2
concierto	A1
conciertos	C1
conciliación	C2
concluir	B2
conclusión	B2
concluyente	C1
concluyentes	C2
concomitancia	C2
concordia	C2
concretamente	B2
concretar	B2
concreto	B2
concurrencia	C2
concurrida	C1
concurrido	C2
concurrir	C2
concursar	C1
concurso	B1
condado	C1
condena	C1
condenar	C2
condenarse	C1
condenatoria	C2
condensada	B2
condiciones	B2
condición	C2
condimentar	B1
conducción	C2
conducir	B1
conducta	B2
conductismo	C2
conductor	A1
conectar	B1
conectarse	B1
conejo	B1
conexión	B2
confección	C2
conferencia	B1
conferenciante	B2
conferir	C2
confesar	B2
confesarse	B2
confesionario	C1
confesión	C1
confianza	B2
confidencia	C1
confidencial	B2
configurar	C2
confines	C2
confirmar	B2
confiscar	C2
conflictivo	B2
conflicto	C1
confluir	C2
conformarse	C1
conformidad	C2
confortable	C1
confrontación	C1
confundirse	B2
confusión	C1
confuso	C1
congelado	B2
congelador	B1
congelados	B1
congelar	B1
congelarse	B2
congeniar	C2
congratularse	C2
congreso	B1
congruente	C2
congénito	C2
conjetura	C2
conjunta	C1
conjunto	B2
conmemoración	C1
conmemorar	B2
conmemorativo	C1
conmoción	C2
conmovedora	C1
cono	C2
conocer	B1
conocida	B2
conocido	C1
conocimiento	B2
conocimientos	C1
conquista	C1
conquistar	C1
consagrado	C2
consagrar	C2
consanguinidad	C2
consciente	B2
consecución	C2
consecuente	C2
conseguir	B1
consejero	C1
consejería	C1
consejo	C1
consenso	C1
consentimiento	C1
consentir	C2
conserje	B1
conservador	B1
conservar	C1
conservarse	B2
conservatorio	C1
considerable	C1
consideración	C2
considerado	C1
considerar	B2
consigna	B2
consistencia	B2
consistir	B2
consola	B1
consolidar	C2
consonante	C2
constancia	B2
constante	B2
constantemente	B2
constar	C1
constelación	B2
consternado	C2
constitucional	C2
constitucionales	B2
constitución	B1
constituido	C1
constituir	C1
construcción	B1
constructiva	C2
constructor	B2
constructora	B2
construir	B1
consulado	B1
consulta	B2
consultar	B2
consultorio	B2
consumado	C2
consumidor	B2
consumir	B2
consumo	B2
contagiar	B2
contagio	C1
contagiosa	B2
contaminación	B1
contaminado	B1
contaminante	B1
contar	B1
contemplar	C1
contemporánea	B1
contemporáneo	B2
contenedor	B1
contener	B2
contenido	B2
contento	A2
contestador	B1
contestar	A2
contienda	C2
contiguo	C2
contigüidad	C2
continental	B2
continente	B1
contingencia	C2
contingente	C2
continua	B2
continuación	B2
continuado	C1
continuamente	B2
continuar	B1
continuidad	C2
continuo	B2
contorno	C1
contra	C1
contrabajo	B2
contrabandista	C1
contrabando	C1
contradecir	C1
contradictorio	C1
contraer	C1
contraindicaciones	B2
contraindicado	B2
contralto	C2
contraluz	C2
contrapeso	C2
contraproducente	C2
contrariado	C2
contrario	C1
contraseña	B1
contrastado	C2
contrastar	C1
contraste	C1
contratado	B2
contratar	B1
contratista	C1
contrato	B1
contraventana	C1
contribuir	C2
contribuyente	C1
contrincante	C2
control	C2
controvertido	C2
contusión	C2
convalecencia	C1
convalidar	C1
convencimiento	C2
convencional	C1
conveniente	C1
convento	C1
converger	C2
conversación	B1
conversar	C1
conversión	C1
convertible	C1
convertir	C2
convertirse	B2
convexo	C2
convicción	C1
convincente	C1
convivencia	B2
convivir	B1
convocar	B2
convulsiones	C2
convulsión	C2
cooperación	B2
cooperar	B2
cooperativa	C2
coordinar	B2
copa	B1
copar	C2
copas	C2
copia	C1
copiar	B1
copiloto	C1
copiosa	C2
copioso	C2
copla	C2
copo	C1
coraje	C1
corazones	C2
corazón	B2
corbata	A2
corchea	C2
corcho	C1
cordero	A2
cordial	C1
cordialidad	C1
cordialmente	B2
cordillera	B2
cordura	C1
corear	C2
coreografía	B2
corintia	C2
coro	C1
corola	C2
corona	B2
coronar	C2
coronilla	C2
corporal	C1
corpulencia	C2
corpulento	C1
corpóreo	C2
corral	B2
corre	C2
correa	C1
corrección	B2
correctamente	C1
correcto	B1
corrector	C1
corregir	B1
correo	A1
correos	A2
correr	A2
corresponsal	B2
corriente	C1
corroborar	C2
corroer	C2
corrupción	C1
corta	B1
cortado	A1
cortar	B1
cortarse	B1
cortaúñas	B2
corte	B1
cortejo	C2
cortesía	B1
corteza	C1
cortijo	C2
cortina	B1
corto	A1
cortés	C1
cortésmente	C2
corán	B1
cosecha	B2
cosechar	C2
coser	B1
cosido	C1
cosmopolita	A2
cosmos	C2
cosmética	B2
costa	A2
costar	A1
coste	C1
costear	C1
costero	B2
costilla	B1
costoso	C1
costumbrista	C2
costura	C2
cotidiano	B2
cotilla	C2
cotillear	C2
cotilleo	C2
cotización	B2
cotizado	C2
cotizar	C2
coyuntural	C2
craneoencefálico	C2
craso	C2
creación	B2
crear	B1
crearse	C2
creatividad	B2
creativo	B2
crecer	B1
crecida	C2
creciente	C1
crecimiento	B2
credo	C2
creencia	C2
creencias	C1
creer	A1
creerse	B2
crema	A2
cremallera	B2
creyente	B1
creíble	C1
criar	C2
criatura	C2
crimen	C1
criminal	B2
criminalista	B2
crisis	B1
crisma	C2
cristal	A2
cristalería	B2
cristalización	C2
cristianismo	B2
cristiano	A1
criterio	C1
criterios	C2
criticar	B2
cromado	C2
cromosoma	C1
cronista	C2
cronológico	C1
cronometrar	C1
croquetas	B1
cruce	B2
crucial	C1
crucifijo	C1
crudo	C1
crujido	C2
crujir	C2
crupier	C2
crustáceo	C2
cruz	B2
cruzado	C1
cruzar	A2
cruzarse	C1
cráneo	C1
crédito	C1
créditos	B2
cría	C1
crío	C1
crítica	B2
crítico	B2
crónica	B2
crónico	C1
cuaderno	A2
cuadra	C1
cuadrada	C1
cuadrado	A2
cuadrar	C2
cuadrilátero	C2
cuadro	A2
cualidad	B1
cualificado	B2
cuando	C2
cuantiosa	C2
cuantía	C2
cuarentón	C2
cuarteto	C1
cuarto	A2
cuartos	C1
cuatrimestral	C1
cuatro	C1
cuba	C2
cubertería	C1
cubierto	C1
cubismo	B2
cubista	B2
cubo	C1
cubrir	C1
cuchara	B1
cucharada	B1
cucharilla	C1
cucharón	C1
cuchichear	C2
cuchilla	B1
cuchillada	C2
cuchillo	B1
cuchitril	C2
cuello	B1
cuenco	B2
cuenta	B1
cuento	B1
cuerda	C1
cuerdo	C2
cuero	B1
cuerpo	C2
cuervo	C1
cuestionable	C1
cuestionar	C2
cuidado	B2
cuidados	C2
cuidadosamente	C2
cuidar	B1
cuidarse	B2
culebrón	B1
culpable	B2
cultivado	C2
cultivar	B1
cultivo	B1
cultivos	C1
cultura	B1
cultural	B1
cumbre	C2
cumpleaños	A2
cumplimentar	C2
cumplir	B1
cumplirse	C1
cuna	C2
cuneta	C2
cuota	C1
cura	B2
curación	C1
curar	B1
curarse	C2
curativo	B2
curiosear	C2
curiosidad	B2
curioso	B2
currante	C2
currar	C2
curre	C2
currito	C2
curro	C2
currículo	C2
currículum	C1
cursar	C1
cursillo	C1
curso	C2
cursor	B2
curva	B2
curvado	C1
curvatura	C2
curvo	B2
cuscurro	C2
cutis	C2
cutáneo	C2
cuándo	A1
cuántica	C2
cuánto	B2
cuña	C2
cuñado	B2
cálculo	B2
cálido	B2
cáliz	C2
cámara	A2
cáncer	B1
cápsula	C1
cárter	C2
cáscara	B1
célebre	C2
célula	B2
céntimo	A1
céntrico	B1
césped	B1
cíclico	B2
círculo	B1
cívico	C1
cóctel	B2
código	A1
cólico	C1
cómoda	B1
cóncavo	C2
cónica	C2
cónico	C2
cónsul	B1
cónyuge	B2
córnea	C1
córner	C2
cósmico	C2
cúbica	C1
cúbico	C1
cúmulo	C2
cúpula	C2
dadas	C1
dado	B1
dale	C2
dama	C1
danza	B2
dar	B1
darle	C2
darse	B1
dato	B2
datos	B1
dañino	C2
daños	C1
de	A1
deambular	C2
debajo	A2
debate	B2
debatir	C1
deber	B1
deberes	B1
debidamente	C1
debido	C2
debilidad	B2
debut	C1
debutar	C1
decaer	C2
decanato	C1
decano	C1
decaído	B2
deceleración	C2
deceso	C2
decilitro	C2
decimal	B2
decir	A2
decisiva	C1
decisivo	C1
declaraciones	C1
declaración	C1
declarado	C2
declarante	C1
declarar	C1
declararse	C2
declinar	C2
decolorar	C1
decomisar	C2
decoración	B1
decorado	B2
decorar	B1
decorativa	C1
decorativo	C2
decrecer	C2
decreciente	C2
decrecimiento	C2
decrepitud	C2
decretar	C2
decreto	C2
decímetro	C2
dedicar	B2
dedicarse	A1
dedicatoria	C1
dedo	C2
deducción	C2
deducir	C1
defecto	C1
defectuoso	C1
defender	C1
defensa	C2
defensor	B2
deficiente	C1
definido	B2
definir	B2
deflación	C1
deformar	C1
deforme	C2
defunción	C2
degenerar	C1
degustación	C2
degustar	C2
deidad	C2
dejadez	C2
dejado	C2
dejar	B1
dejarle	C2
dejarse	C2
deje	C2
del	B1
delantal	B2
delante	A2
delantera	C1
delantero	B2
delatar	C2
delegación	C1
delegado	B2
delegar	C1
delgado	A1
deliberar	C2
delicada	B2
delicadeza	B2
delicado	B2
delicados	C1
delicioso	B2
delincuente	C1
delinear	C2
delirar	C2
delirio	C2
delito	B2
delta	C2
demanda	B1
demasiado	A2
democracia	B1
democrático	B2
demoler	C2
demora	C1
demostrar	B2
demócrata	B1
denegar	C1
denominación	C1
denotar	C2
densa	C1
densidad	B2
denso	B2
dental	B2
dentellada	C2
dentera	C2
dentista	B1
dentro	A2
denunciar	B2
departamento	C1
dependencia	C1
depender	B1
dependiente	A2
depilarse	C1
depilatoria	C1
deporte	A1
deportes	B1
deportista	B1
deportiva	B1
deportivo	C1
depositar	C2
depre	C2
depreciación	C2
depreciarse	C2
depresión	B2
deprimido	B1
deprimirse	B1
deprisa	B1
depuradora	C1
depurar	C2
depósito	C2
derbi	C2
derecho	B1
derechos	B1
dermatología	C1
derogar	C1
derrapar	C1
derrape	C1
derretir	C1
derribar	C1
derrochar	C2
derroche	C2
derrota	C1
derrotado	C1
derrotar	C1
derruir	C1
derrumbarse	C1
desaborido	C2
desacato	C2
desacertado	C2
desacostumbrado	C2
desactivar	C1
desafiante	C2
desafiar	C1
desagradable	C1
desagradar	C1
desaguar	C2
desaguisado	C2
desagüe	C2
desahogada	C2
desahuciar	C2
desahucio	C2
desajuste	C2
desaliñado	C2
desalojar	C2
desalojo	C2
desanimarse	C1
desapacible	C2
desaparición	B2
desapercibido	C1
desaprovechar	C1
desarmar	C1
desarme	C2
desarrapado	C2
desarrollar	B2
desarrollo	C1
desarticular	C2
desaseado	C2
desaseo	C2
desasosiego	C2
desastre	B1
desastroso	C1
desatino	C2
desayunar	A1
desayuno	A1
desbandada	C2
desbocarse	C2
desbordante	C2
desbordar	C2
desbordarse	C1
descabellado	C2
descampado	C2
descanso	B1
descapotable	C1
descargar	B1
descargarse	B1
descarrilar	C2
descender	C1
descendiente	C1
descenso	C1
descifrar	C2
descomponer	C1
descomponerse	C1
descompuesto	C2
descomunal	C2
desconfianza	C1
desconocido	C1
desconocimiento	C1
desconsolado	C2
descontar	C1
descorchar	C1
descortesía	C1
descremada	B1
describir	B2
descubridor	C2
descubrimiento	B1
descuento	B1
descuentos	C1
descuidado	C1
descuidar	C2
descuido	C1
desde	A2
desecado	C2
desecar	C2
desembocadura	C1
desembocar	C1
desembolsar	C2
desembolso	C2
desempeñar	C1
desempleo	B2
desempolvar	C2
desencadenar	C1
desencadenarse	C2
desenfadado	C1
desenfrenada	C1
desenfrenado	C2
desenlace	C1
deserción	C2
desertar	C1
desertización	B2
desestimar	C2
desfigurar	C2
desfiladero	C2
desfilar	C1
desfile	B2
desgarbado	C2
desgarradora	C1
desgarro	C2
desgaste	C2
desgravar	C2
deshojar	B2
desierta	C1
desierto	A2
desigual	B2
desinfección	C1
desinfectar	C1
desintoxicación	C2
desistir	C2
desliz	C2
deslizante	C2
deslizar	C1
deslizarse	C1
desmantelar	C2
desmayarse	C1
desmedido	C2
desmentir	C2
desmenuzar	C2
desmesurado	C2
desnatada	B1
desnatado	B1
desobedecer	B1
desocupado	B2
desodorante	A2
desolado	C1
desolador	C2
desorbitado	C2
despachar	C2
despacho	A2
despacio	A1
despedida	B1
despedir	C1
despedirse	B2
despegar	B1
despejado	B1
despejar	C2
despertar	C1
despeñarse	C2
despido	B2
despilfarrar	C2
despistado	C1
despistarse	C1
despiste	C1
desplazado	C1
desplazamiento	C1
desplazar	C1
desplazarse	C1
desplegar	C2
despoblada	C1
desposarse	C2
despotismo	C2
despreciar	C1
desprecio	C2
desprender	C1
desprendimiento	C2
despropósito	C2
despuntar	C2
después	A1
destacar	B2
destartalado	C2
desteñido	C1
desteñir	C1
destierro	C2
destilación	C2
destilar	C2
destilería	C2
destinar	C2
destinatario	B1
destino	B2
destitución	C1
destituir	C1
destreza	C2
destrozado	C2
destruir	B1
desvalorización	C2
desvanecerse	C1
desvariar	C2
desvarío	C2
desvelar	C1
desvencijado	C2
desviar	B2
desván	C2
desvío	C1
desánimo	C2
desértico	C1
detalle	B2
detallista	C1
detectar	C1
detención	C1
detener	B2
detenerse	C2
detergente	B2
deterioro	C1
determinado	B2
determinar	C2
detestable	C2
detestar	B2
detonación	C2
detrás	A2
deuda	C1
devaluación	C1
devaluar	C2
devaluarse	C1
devanarse	C2
devastar	C2
devoción	C2
devolución	C1
devolver	A2
devorar	B2
devoto	C1
diabetes	B2
diafragma	C2
diagnosticar	B2
diagnóstico	B2
diagonal	B1
dialogar	C1
diamante	C1
diamantes	C2
diapositiva	B2
diaria	B2
diariamente	B2
diario	B2
diarrea	B1
dibujar	A2
dibujo	A2
diccionario	A1
dicha	C2
dicho	C1
dictador	B2
dictadura	B1
dictar	C1
didáctica	C1
didáctico	B2
dientes	B2
diestro	C2
dietas	B2
dietético	B2
diferenciar	C1
diferente	A2
dificultad	B2
dificultar	C1
dificultoso	C2
difundido	C2
difundir	C1
difunto	C1
difusión	C1
difícil	A1
difícilmente	B2
digerir	B2
digestivo	C1
digital	B1
digitalizar	C2
dilatada	C2
dilatado	C2
diligencia	C1
diligente	C2
diluviar	C1
dimensiones	B2
dimensión	C1
dimisión	C1
dimitir	C1
dinamismo	B2
dinastía	C1
dinero	A1
dintel	C2
dinámica	C2
dios	C2
diploma	A2
diplomáticamente	C1
diplomático	B2
diputado	B2
dirección	B1
directa	B2
directiva	C1
directivo	B2
directo	B2
director	A1
dirigir	B2
discapacitadas	B2
disciplina	C1
disciplinado	C2
disco	B2
discordancia	C2
discreción	C1
discreto	B2
discriminación	B2
discriminar	C1
discriminatorio	B2
disculpar	C1
discurrir	C2
discurso	B2
discutir	B1
discípulo	C1
disecar	C2
diseñador	B1
diseñar	B1
disfrazar	C2
disfrazarse	B2
disfrutar	B2
disfrute	C2
disgustado	B2
disimular	C1
disipar	C2
dislexia	C2
dislocación	C2
disminución	B2
disminuir	B1
disolverse	C1
disparar	B2
dispararse	C1
disparate	C1
disparo	C2
dispensar	C2
dispersar	C2
disponer	C1
disponibilidad	C1
disponible	B2
disposición	C2
dispositivo	C2
dispuesto	B2
disputar	C2
disquisición	C2
distancia	A2
distanciado	C1
distanciar	B2
distancias	C1
distante	C1
distar	C2
distender	C1
distinguido	C1
distinguir	B2
distinguirse	C2
distorsionar	C2
distracción	C1
distraerse	C1
distraído	C1
distribución	B2
distribuir	B2
distrito	B1
diurna	C2
diurético	C1
divagar	C2
diversidad	C1
diversión	C1
divertimento	C2
divertirse	B1
dividir	B1
divino	C2
divisar	C2
divorciado	A1
divorciarse	A2
divorcio	B1
divulgación	C1
divulgar	C2
diáfano	C2
diálisis	C2
diálogo	B1
diámetro	C1
dni	B1
do	B2
doblada	B1
doblado	B2
doblaje	C1
doblar	B2
doble	A1
doblegarse	C2
docena	A2
docencia	C2
docente	C1
doctor	B1
doctorado	B1
doctorarse	B2
doctrina	C1
documental	B1
documento	B1
documentos	B1
doler	A2
dolido	B2
dolor	A2
dolorosa	C2
doma	C2
domiciliación	C2
domiciliar	B2
domiciliaria	B2
domicilio	C1
dominante	C2
dominar	B2
dominio	C1
doméstica	C1
doméstico	B1
don	C2
donar	C1
donde	B2
dorada	B2
dorado	B2
dorar	B2
dormido	B2
dormitorio	A1
dos	B1
doscientos	A2
dosificar	C1
dosis	C1
dotado	C1
drama	B1
dramaturgo	C2
drenado	C2
drenar	C2
drástico	C2
ducha	A1
ducharse	A1
ductilidad	C2
duda	B1
dudar	B1
dudas	B2
dudosa	C1
dudoso	B2
dueño	B1
dulce	B1
dulces	B2
dulcificar	C2
dulzor	C1
dulzón	C1
duplicar	B2
duración	B2
duradera	C1
duradero	C1
durante	A2
durar	A2
dureza	B2
duro	B1
dvd	A1
dársele	B2
dársena	C2
débil	B1
débiles	C1
década	B1
décimo	C1
déficit	C2
día	A1
días	A2
dígito	C2
dócil	C2
dólares	B1
dórica	C2
dúctil	C2
dúo	C1
dúplex	B2
ebanistería	C2
ebrio	C1
echado	C1
echar	B2
echarse	B1
eclipse	B2
eco	B2
ecografía	B2
ecologista	B1
ecología	B1
ecológico	B1
economato	C2
economista	B1
economizar	C2
economía	B1
económica	B2
económico	C1
ecosistema	B2
ecuación	C1
ecuador	B2
ecuanimidad	C2
ecuatorial	B2
ecuestre	C2
ecuánime	C2
edad	B1
edición	B2
edificable	C2
edificación	B2
edificar	C1
edificio	A1
edil	C1
editar	B2
editor	B2
editorial	B1
educación	A2
educado	B1
educador	C1
educar	B1
educarse	B2
educativa	C1
educativo	B2
efecto	B2
efectos	B2
efectuar	C1
efeméride	C2
eficacia	C1
eficaz	C1
eficiente	C1
eflexionar	B2
efluvio	C2
efusivamente	C1
efímero	C2
egoísmo	B2
egoísta	B2
eje	B2
ejecutar	C1
ejecutiva	C1
ejecutivo	C1
ejemplar	C1
ejercer	B2
ejercicio	B2
ejército	B2
el	A1
elaboración	B2
elasticidad	B2
elecciones	B2
electo	C1
electorado	B2
electoral	B2
electricidad	B1
electrodoméstico	B1
electrón	C2
electrónico	B1
elefante	B1
elegante	B2
elegir	B1
elemental	B2
elemento	B1
elevada	C1
elevados	B2
elevar	C1
elevarse	C2
eliminar	B2
eliminatoria	C1
elipse	C1
elixir	C2
elogiar	C1
elogio	C2
eludir	C2
elástico	B2
eléctrica	A2
emanación	C2
emanar	C2
embajada	B1
embajador	B1
embalaje	C2
embalar	C2
embarazo	B2
embarcadero	C1
embarcar	B2
embargar	C2
embelesar	C2
embestir	C1
emborracharse	B2
embrague	C1
embriagador	C2
embutido	B1
emerger	C2
emigración	B2
emigrante	B1
emisión	B2
emisora	B1
emitir	C1
emoción	B2
emolumento	C2
emoticón	C2
empadronamiento	C2
empadronarse	C2
empalagar	C2
empalagoso	C1
empanar	B2
empapado	B2
empapar	B2
empapelado	C1
empapelar	C1
empaquetar	B2
emparentar	C2
empatar	C1
empate	B2
empañado	C2
empedernido	C1
empeoramiento	C2
empequeñecer	C1
emperifollarse	C2
empezar	A1
empeñarse	C2
empeño	C2
empinado	C1
empirismo	C2
emplazado	C2
emplazamiento	C2
empleado	A2
emplear	B2
empleo	B2
empollar	C1
empollón	C1
empotrado	C2
emprendedor	C1
emprender	C1
empresa	A1
empresarial	C1
empresariales	B2
empresario	A2
empujar	B2
empíricamente	C1
en	A1
enajenación	C2
enajenarse	C2
enaltecer	C2
enamorado	B1
enamorarse	B1
enano	B2
encabezamiento	C1
encabezar	C2
encalar	C2
encallar	C2
encaminado	C2
encaminar	C1
encanecer	C2
encantador	B2
encantar	A2
encargado	C1
encarrilar	C2
encauzar	C2
encañonar	C2
encender	B1
encenderse	C2
encerar	C2
encerrarse	C2
encharcado	C1
encharcar	C1
enchufar	B1
enchufe	B2
enciclopedia	B1
encima	A2
encinar	C2
enclenque	C2
encoger	C1
encogerse	C2
encolar	C2
encomiable	C2
encomiar	C2
encontrado	B1
encontrar	B1
encontrarse	B2
encorvado	C2
encrespado	C2
encuadre	C2
encubierto	C2
encubrir	C2
encuentro	C1
endeble	C2
endecasílabo	C2
enderezar	C2
enderezarse	C2
endeudarse	C1
endémico	C2
enemigo	B2
enemistad	C1
energía	B1
energías	B2
enervarse	C2
enfadado	A2
enfadarse	B1
enfado	B2
enfatizar	C2
enfermedad	B2
enfermera	A1
enfermero	A1
enfermizo	C2
enfermo	A1
enfervorizado	C1
enfocada	C1
enfocar	B2
enfoque	C2
enfrentamiento	C1
enfrentarse	B2
enfrente	A2
enfriamiento	C2
enfriar	B1
enfriarse	C1
engaño	C1
engañoso	C1
engordar	B1
engorroso	C2
engrosar	C2
engullir	C2
enigmático	C2
enjabonar	C1
enjuagarse	C1
enjuiciar	C2
enjundia	C2
enjuto	C2
enlace	B2
enlatado	C1
enlazar	C2
enmarañar	C2
enmarcar	B2
enmendar	C2
enmienda	C2
enorgullecerse	C1
enorme	B1
enredar	C2
enredarse	B2
enrevesado	C2
enrojecer	C1
enrojecidos	C2
ensaimada	B2
ensalada	A1
ensaladera	B2
ensalzable	C2
ensalzar	C2
ensamblar	C2
ensanchar	C1
ensanche	C2
ensayar	C1
ensayista	C2
ensayo	C1
enseguida	B2
enseñanza	B2
enseñar	B1
ensombrecer	C2
ensordecedor	C1
ensortijado	C2
ensoñación	C2
ensuciar	B2
entablar	C2
ente	C2
entender	B1
entendido	C2
entendimiento	C2
entera	B1
enterarse	B2
entero	C2
enterrar	B2
entidad	C2
entierro	C1
entonado	C2
entonar	C2
entonces	B1
entorno	C1
entrada	A1
entradas	C2
entradilla	C2
entrado	C2
entrante	C1
entrar	A1
entrarle	C1
entrañable	C1
entre	A1
entrecortada	C2
entrecortado	C2
entrega	B2
entregado	C1
entregar	B2
entregarse	C1
entremés	C1
entrenado	C1
entrenador	B1
entrenar	B2
entresuelo	C2
entretanto	B2
entretenerse	B2
entretenido	B2
entretenimiento	C1
entrevista	B1
entrevistado	B1
entrevistador	B1
entrevistar	B1
entristecerse	C1
entroncar	C2
entusiasmo	C2
enumerar	C1
envasado	C1
envejecer	C1
envejecido	C2
envejecimiento	C1
envergadura	C2
enviado	B2
enviar	B1
envidia	C2
envidiar	C1
enviudar	C1
envoltorio	C2
envolvente	C2
envolver	B1
envío	B2
enzarzarse	C2
enérgico	C2
epidemia	C1
epidermis	C2
epiléptico	B2
episodio	C2
epílogo	C2
equilibrada	B1
equilibrado	B1
equilibrar	C1
equilibrio	B2
equipaje	B1
equipamiento	C1
equipo	B1
equitativamente	C2
equitativo	C1
equivocación	B2
equivocado	B2
equivocarse	B2
era	C1
ergonómica	C2
erguido	C2
erguirse	C2
erigirse	C2
erizado	C2
erosión	C2
erradicación	C2
erradicar	C2
errar	C2
errata	C2
erre	C1
error	B1
erupción	C1
esbozar	C2
esbozo	C1
escala	C1
escalada	B1
escalador	B1
escalar	B2
escaldar	C2
escalera	A1
escaleras	B1
escalofríos	B2
escalón	C2
escampar	C2
escanciar	C2
escapar	B1
escarpada	C1
escarpado	C2
escasa	C1
escasamente	C1
escasear	C1
escaso	B2
escayola	C1
escayolar	B2
escena	B2
escenario	B1
escenificar	B2
escoba	B2
escocer	C1
escoger	B1
escolar	C2
esconder	B2
escondido	B2
escotado	C1
escozor	C2
escribir	A1
escribirse	C1
escrita	B2
escrito	B2
escritor	A2
escritorio	B2
escritura	C1
escrupulosidad	C2
escrúpulos	C1
escuchar	A1
escuela	A1
escuetamente	C2
esculpir	C1
escultor	B1
escultura	B1
escultórico	B2
escupir	B2
escurridor	C1
escurrir	C1
escuálido	C2
escándalo	C2
escáner	B2
escénicas	B2
ese	C2
esencia	C1
esencial	B2
esencialmente	B2
esfera	C2
esfumarse	C2
esférica	C2
esférico	C2
esgrimir	C2
esguince	C1
eslogan	C1
esmerado	C2
esmeralda	C1
esmero	C2
espacial	B2
espaciarse	C2
espacio	B1
espacioso	B2
espada	B2
espadas	C2
espalda	C1
espantarse	C2
espantoso	B2
esparadrapo	B2
esparcimiento	C2
espartana	C2
espasmos	C2
español	A1
especial	B1
especialista	B2
especializada	C1
especializado	B2
especialmente	B2
especiar	C2
especias	B1
especie	B2
especificar	C1
especificidad	C2
espectacular	C1
espectador	B1
espectáculo	B1
especulación	C2
especular	C2
específicamente	C1
específico	C1
espejismo	C2
espejo	B1
esperar	B1
espermatozoide	C1
espesa	C1
espesar	C1
espeso	B2
espesor	B2
espesura	C2
espiar	C1
espinacas	B1
espinoso	C2
espirar	C1
espiritual	C1
espiritualidad	C2
espléndido	C1
esponjosidad	C1
esponjoso	C1
espontáneo	C1
esporádica	C1
esporádicamente	C2
esporádico	C2
esposo	C1
espuma	B1
espumadera	C2
espumoso	C1
espíritu	B2
esqueleto	B2
esquelético	C1
esquiar	A1
esquilar	C2
esquina	A2
esquizofrenia	C2
esquíes	B1
esta	A2
estabilidad	B2
estabilizar	C1
estable	B2
establecer	B2
establecido	C1
establecimiento	B2
establo	C1
estacionado	C2
estacionamiento	C1
estación	A2
estadio	B2
estado	A1
estadística	B2
estafeta	C2
estallar	C1
estallido	C2
estamento	C2
estampado	B2
estancia	C1
estanco	A2
estandarizar	C2
estanque	C2
estante	C1
estantería	A1
estar	A1
estatal	B2
estatua	A2
estatura	B2
este	A2
estelar	C2
estepa	C2
esterilización	C2
esterilizar	C2
estilo	B1
estima	C2
estimar	C2
estimulante	C1
estirado	C1
estirar	C1
estival	B2
estofar	C2
estor	C1
estornudar	B2
estos	B2
estrafalario	C2
estrategia	C1
estrato	C2
estratosfera	C2
estrecha	C2
estrechamiento	C2
estrechar	C1
estrechez	C2
estrecho	A2
estrella	B2
estrellarse	C2
estremecerse	C1
estrenar	B2
estreno	B2
estresado	B1
estresarse	B2
estriado	C2
estribillo	C2
estribor	C2
estricta	C2
estricto	C2
estridente	C1
estropajo	C1
estropeado	B1
estropear	C1
estropearse	B2
estructura	C1
estructural	C2
estruendo	C2
estrujarse	C2
estrépito	C2
estrés	B2
estuario	C2
estuche	C2
estudiante	A1
estudiar	A1
estudio	A1
estudios	B2
estudioso	B2
estupendo	B1
está	A2
estándar	C1
estática	C2
estático	C1
esté	C2
estéril	C1
estética	B2
estético	C2
estómago	A2
etapa	B2
eternamente	C1
eternidad	C1
eternizar	C2
eterno	C1
etiqueta	B2
etéreo	C2
euforia	C2
eufórico	C1
euro	A1
europa	B1
evacuar	C1
evaluación	C1
evaluar	C1
evangelio	B2
evangélica	B1
evaporación	B2
evaporar	B2
evaporarse	B1
evento	C2
eventual	C2
eventualidad	C2
eventualmente	C2
evidencia	B2
evidente	B1
evidentemente	B2
evidentes	C1
evitable	B1
evocación	C2
evocar	C2
evolucionar	C1
evolución	B2
evolutivo	C2
ex	A2
ex-	B2
exacta	B2
exactitud	C1
exacto	B2
exagerado	C1
examen	C1
examinar	C1
examinarse	B2
exasperarse	C2
excarcelar	C2
exceder	C2
excelencia	C2
excelente	B2
excepcional	C1
excepcionalmente	C1
excepción	B2
excesivamente	B2
excesivo	C1
exceso	C1
exclamar	C1
excluir	C2
exclusividad	C2
exclusivo	B2
exclusión	C2
exculpar	C2
excursión	A2
excusar	C2
exequias	C2
exfoliar	C2
exhalar	C2
exhaustivo	C1
exhausto	C2
exhibición	B1
exhibir	C2
exilio	C2
existencia	C1
existencialismo	C2
existente	C1
existir	B1
expandirse	C1
expansión	C1
expedición	C2
expediente	B2
expedir	C1
experiencia	B1
experimentado	C1
experimental	C2
experimentar	C1
experimento	B1
experto	B2
expirar	C2
explicación	B1
explicar	B1
explorador	C2
explotación	B2
explotar	C1
exponer	B2
exponerse	B2
exportación	B1
exportador	C1
exportar	B1
exposiciones	C1
exposición	B2
expresionista	B2
expresión	B1
expreso	C2
exprimidor	B2
exprimir	B2
expropiación	C2
expropiar	C2
expulsar	C1
expulsión	C1
exquisita	C2
exquisito	B2
exquisitos	C1
extender	C1
extenderse	C2
extendido	C1
extensa	C1
extensible	C2
extensión	B2
extenso	C1
extenuante	C2
exterior	B1
exteriorizar	C2
exterminar	C2
extinguir	C1
extinguirse	C1
extorsión	C1
extra	B2
extracto	C2
extraer	C1
extranjera	B2
extranjero	A1
extraoficial	B2
extraordinario	C1
extraviar	C1
extraña	B1
extraño	B1
extrema	C1
extremaunción	C1
extremidad	C2
extremo	B2
exuberante	C1
exultante	C2
exótica	B2
exótico	B2
eólica	B2
fa	B2
fabada	B2
fabricación	B1
fabricante	C1
fabricar	B1
fabuloso	C2
facciones	C2
fachada	B2
facilidad	B2
facilitar	B2
factible	C2
factoría	C2
factura	B2
facturación	C1
facturar	C1
facultativo	C2
faena	C2
falda	A1
fallar	B2
fallecer	B2
fallecido	C1
fallecimiento	C1
fallido	C2
fallo	B2
falsa	C1
falsas	C2
falsificación	C1
falsificar	C1
falso	C2
falta	B1
faltar	B2
fama	B2
familia	B2
familiar	B2
famélico	C2
fan	B2
fanatismo	C1
fanfarrón	C2
fantasear	C2
fantasía	B2
fantástico	B1
faringitis	B2
farmacia	A1
faro	C1
farola	B2
farragoso	C2
fascinación	C1
fascinado	B2
fascinante	C1
fascinar	C1
fascismo	B2
fase	B2
fastidiarse	C1
fastidio	C1
fatal	B1
fatalidad	C2
fatigado	C1
fatigarse	C1
fauces	C2
fauna	C1
favorable	C1
favorablemente	C1
favorecer	C1
fax	A1
faz	C2
fe	C1
fecha	B1
fechar	C1
fecundación	B2
federación	C1
federal	C1
federarse	C1
fehaciente	C2
felicidad	B2
felicitar	B1
felino	C2
feliz	B1
felpa	C2
felpudo	C2
femenino	B1
fenecer	C2
fenomenal	B1
feo	A1
feria	B2
fermentar	C2
feroz	B2
ferry	B2
fertilizante	C2
fertilizar	C1
fervientemente	C2
fervor	C2
festejar	C1
festejo	C2
festival	B2
festividad	C1
festivo	B1
fetichismo	C1
fetidez	C2
fiable	B2
fianza	C2
fiar	C2
fibra	B1
ficción	B1
ficha	B1
ficticio	B2
fidedigna	C2
fidelizar	C1
fiebre	A2
fiera	C2
fiesta	A1
figura	B2
figurar	C2
figurarse	C2
figurativo	C1
fija	C1
fijamente	C1
fijarse	B2
fijo	B2
fila	B2
filatelia	C2
filatélico	C2
filete	A2
filial	C2
filmar	C2
filmoteca	C2
filología	B2
filosofía	B2
filosófica	C1
filosófico	B2
filtrar	C1
filtro	C2
filón	C2
filósofo	B2
fin	A1
final	B1
finalización	C1
finalizado	C1
finalizar	B2
finalmente	B1
financiar	C2
financiera	C2
financiero	C2
finanzas	C2
finca	B2
fines	A2
finiquitar	C2
fino	B2
finos	B2
fiordo	C2
firma	B1
firmamento	C2
firmar	A1
firme	B2
firmes	C2
firmeza	C1
fiscal	B2
fisioterapia	C1
fisonomía	C2
flacidez	C1
flagrante	C2
flamenco	A2
flash	B1
fleco	C2
flequillo	C1
flexibilidad	B2
flexible	B1
flexionado	C1
flojo	B2
flor	A1
floreado	C2
florecer	B2
florero	B1
florido	C1
flota	C1
flotador	B2
fluida	C1
fluidez	B2
fluido	B2
fluir	C1
fluorescente	B2
fluvial	C1
flácido	C1
fobia	C2
foco	C2
fofo	C2
folio	B1
follaje	C2
folleto	B1
fomentar	C1
fondo	B2
fondos	C2
fontanería	B2
forestal	B2
forjar	C2
forma	B1
formación	B1
formado	B2
formal	B1
formalizar	C1
formar	B2
formarse	C1
formas	C2
formatear	C2
formativa	C1
formato	C1
formulación	B2
formular	B2
foro	A2
forofo	C1
forrado	C1
forrar	C1
forro	C1
fortalecer	C2
fortuito	C2
forzosamente	C2
forzoso	C2
fosa	C2
fosas	C2
foto	A1
fotocopia	A1
fotocopiadora	A2
fotografiar	B1
fotografía	A2
fotograma	C2
fotogénico	C1
fotos	A2
fotosíntesis	C2
fotovoltaico	C1
fotógrafo	A2
fracasar	B2
fracaso	C1
fraccional	C2
fraccionar	C2
fracción	C1
fractura	C1
fragancia	C1
fragata	C2
fragilidad	B2
fragmentar	C2
fraguar	C2
frambuesa	B2
franca	C2
franco	C1
francés	C1
franja	C2
franquear	C1
franqueo	C1
franquicia	C2
frase	B1
fraternal	C1
fraternidad	C2
fraude	C1
frecuencia	B2
frecuentar	C1
frecuente	B1
frecuentemente	B2
fregar	B1
fregona	B2
freidora	B2
frenar	B2
freno	C1
frente	C1
frenético	C2
fresa	A2
fresco	B2
frescor	C2
frescura	C2
freír	B1
frialdad	C2
frigorífico	B1
frijoles	C1
frito	B1
frondosa	C1
frondoso	C1
frontalmente	C1
frotar	C1
fructífero	C1
frugal	C2
fruncido	C2
fruncir	C1
frustración	C1
frustrado	C1
fruta	A1
frutero	A2
frutería	A2
fruto	B2
frutos	B2
frágil	B1
fría	B2
fríamente	C2
frío	A1
frívolo	C1
fuegos	B2
fuente	C1
fuera	A2
fuerte	A2
fuertes	C1
fuerza	C1
fuerzas	C1
fugaz	C1
fumigado	C1
fumigar	C1
funcional	B2
funcionamiento	B2
funcionar	B1
funcionario	A2
función	C1
fundación	B2
fundado	C2
fundamentado	C1
fundamental	B2
fundamentalismo	C1
fundamentalmente	B2
fundamento	C1
fundar	B2
fundición	C2
fundir	C1
fundirse	C2
furgoneta	C1
furioso	B2
fusa	C2
fuselaje	C2
fusible	C2
fusil	B2
fusión	C2
futurista	B2
futuro	B1
fábrica	A2
fábula	C1
fácil	A1
fácilmente	B2
férrea	C2
férreo	C2
férreos	C2
fértil	C1
fétido	C2
física	B1
físico	B1
fórmula	B2
fúnebre	C2
fútil	C2
gaceta	C2
gafas	A1
gajo	C1
gala	C1
galante	C1
galardonado	C2
galaxia	B2
galerista	C2
galería	B1
galletas	A2
gallina	B1
gallinero	C1
gallo	B1
galopar	C1
galáctico	C2
galán	C2
gama	C1
gambas	A2
ganadero	B2
ganadería	B1
ganado	B2
ganador	B1
ganancias	B2
ganar	B1
ganarse	C2
ganas	C1
gandul	C2
ganga	C1
ganso	C1
garaje	A1
garantizar	C1
garantía	B1
garbanzos	B1
garganta	A2
gargantilla	B2
garra	C2
garrafal	C2
gas	C2
gasa	B2
gaseoso	B2
gases	C1
gasoil	B1
gasolina	B1
gastado	C1
gastar	B1
gastarse	B2
gasto	B2
gastos	B2
gato	A2
gaviota	C1
gay	B1
gazapo	C2
gazpacho	B1
gel	A2
gemelos	A2
gen	C1
generacional	C1
generación	B2
general	B2
generales	B2
generalidad	C2
generalizado	C1
generalizar	B2
generalmente	B2
generar	C1
generosidad	B2
generoso	A2
genial	B2
gente	A1
genérico	C2
genética	B1
genético	B2
geofísica	C2
geografía	B1
geográfico	B1
geometría	B2
gerencia	C1
gerente	C1
geriatría	C1
germen	C2
germinar	C1
germánica	C1
gestionar	C2
gestión	B2
gesto	B2
gigante	B2
gigantesco	C1
gimnasia	B2
gimnasio	A2
ginebra	A2
ginecológica	B2
ginecológico	C1
ginecólogo	B1
girar	A2
giratoria	C2
giratorio	C1
giro	B2
glacial	C2
global	C1
globalización	C1
globo	B1
glotón	C1
glándula	C1
glóbulo	C2
gobernar	B1
gobierno	A2
goce	C2
golear	C2
goleta	C2
golfo	B2
golosinas	C1
goma	C1
gomina	B2
gordinflón	C2
gordo	A1
gorra	A2
gorro	A2
gota	B2
gotas	B1
gotear	C1
goteo	C2
gozar	C2
gozo	C2
grabación	B2
grabado	C2
grabador	C2
grabadora	C1
grabar	B2
gracias	B1
grada	C1
grado	B1
graduación	C2
graduadas	B2
graduado	B2
gradual	C1
gramo	A2
gramos	A2
gran	B1
granada	C1
grande	A1
grandes	A1
grandeza	C2
granero	C1
granito	C1
granizar	B2
granizo	B1
granja	B2
grano	B2
granos	B2
granulado	C2
grapa	B2
grapadora	B2
grasa	C1
graso	B2
gratificante	C1
gratis	B2
gratuidad	C1
gratuita	B2
grave	B2
gravedad	C1
grelo	C2
gres	C1
grima	C2
gripe	A2
gris	A1
gritar	B1
griterío	C2
grito	B1
gritos	C1
grosella	B2
grosero	C1
grosería	C1
grosor	C1
grotesco	C2
grueso	B2
gruesos	B2
grumoso	C2
grupo	B1
gráfica	C2
grúa	B2
guantes	A2
guapo	A1
guardado	B2
guardameta	C2
guardar	C1
guardarropa	B2
guardería	B1
guardia	C1
guarida	C2
guarismo	C2
guarro	C2
gubernamental	C1
guerra	A2
guerrear	C2
guiar	B2
guionista	B2
guirnalda	B2
guisada	B2
guisantes	B1
guitarra	A2
guitarrista	B1
guiñar	C1
guión	A1
gurú	C2
gustar	A2
gustillo	C2
gusto	B2
gutural	C2
guía	A2
gélido	C2
género	C1
gérmenes	C2
gótico	B2
haber	A1
habilidad	B2
habilitar	C2
habitación	A1
habitante	A2
habitantes	B2
habitar	C1
habitual	C1
habitualmente	B2
hablador	B1
habladuría	C2
hablar	A1
hace	A2
hacer	A1
hacerse	B2
hacia	B2
hacienda	C2
hado	C2
halagüeño	C2
hallar	C1
hallarse	B2
halo	C2
hambre	A2
hambriento	B2
hamburguesa	A1
hamburguesería	B2
haragán	C2
harapiento	C2
harina	B2
hartar	C2
hasta	A2
hastiar	C2
hastío	C2
hazaña	C2
hebilla	C2
hecha	C2
hechizar	C2
hecho	B1
hectárea	B2
hectómetro	C2
hediondo	C2
hedor	C2
hegemonía	C2
helado	B2
helar	B2
helarse	C2
helicóptero	B1
helipuerto	C1
hematoma	C2
hembra	B1
hemisferio	B1
henchir	C2
herbívoro	C1
heredar	B2
heredero	C1
hereditaria	B2
herejía	C1
herencia	C1
herida	B1
herido	C2
hermano	A1
hernia	C1
herramienta	C1
herramientas	A1
herrar	C2
hervido	B1
hervir	B1
heterosexual	B1
hexagonal	C2
hexágono	C1
hidratación	B2
hidratada	C1
hidratante	B1
hidratar	B2
hidroavión	C1
hidrografía	C2
hidrográfico	C2
hielo	A2
hierba	B1
hierro	B1
higiene	C1
higienizar	C2
hijo	A1
hilar	C2
hilera	C2
hilo	B2
himno	B2
hincha	C1
hinchable	C1
hinchado	C1
hinchazón	C2
hinduismo	B2
hipermetropía	C2
hiperrequetebién	C2
hipertexto	C2
hipervínculo	C2
hipocondriaco	C1
hipocresía	B2
hipoteca	B1
hipotecar	C1
hipotético	B2
hipérbole	C2
hipótesis	B2
histeria	C2
historia	B1
historiador	B1
histérico	B2
histórica	B1
histórico	B1
hobby	A2
hocico	C1
hogar	B2
hoja	A2
hojear	C1
holgado	C1
holgazán	C2
holgura	C2
holístico	C2
hombre	A1
hombrera	C2
hombros	C1
homeopatía	C2
homeopático	B2
homeópata	C2
homologado	B2
homologar	C2
homosexual	B1
hondo	C1
hondonada	C2
hongo	C2
hongos	C2
honor	C1
honorabilidad	C2
honorífica	C2
honorífico	C1
honradamente	B2
honrar	C2
hora	A1
horario	A1
horas	B1
horizontal	B1
horizontalidad	C2
horizonte	B2
horma	C2
hormigueo	C2
hormigón	C1
hormona	C1
hornear	C2
horno	B1
horrible	B1
horrorizarse	C1
horroroso	B2
horóscopo	B1
hospedaje	C2
hospedería	C2
hospicio	C2
hospital	A1
hospitalario	C1
hospitalidad	C1
hospitalizar	B2
hostal	B1
hostelero	C2
hostelería	C2
hostigamiento	C2
hostigar	C2
hotel	A1
hoy	A1
hueco	C1
huelga	B1
huella	B2
huellas	C2
huerta	B1
huerto	B2
hueso	B2
huevo	B2
huevos	A1
huir	B2
humana	C1
humanismo	C2
humanos	B2
humedad	B1
humedecer	B2
humidificar	C2
humildad	C1
humilde	B2
hundido	C1
hundirse	C1
huracán	B1
hurto	C1
husmear	C2
huésped	C1
hábito	B2
hígado	B2
húmedo	B1
iberia	B2
icono	C1
idea	B1
ideal	C2
ideales	C1
idealismo	C2
idealizar	C1
idear	C1
identidad	C1
identificación	C1
ideológica	C1
ideológico	B2
ideólogo	C1
idilio	C1
idolatría	C1
idoneidad	C2
idénticos	B2
idílico	C1
idóneo	C2
iglesia	A1
ignorado	B2
ignorancia	C1
ignorante	C1
ignorar	C1
igual	A2
igualdad	B2
ilegal	C1
iluminación	B2
iluminado	B2
iluminar	B1
ilusionado	B2
ilusionarse	B2
ilusionismo	C2
ilusión	C1
iluso	C2
ilusorio	C2
ilustrado	C2
ilustrador	C1
ilustrar	C2
ilógico	C1
imagen	C1
imaginación	B1
imaginar	B1
imaginario	B1
imaginarse	B2
imaginativa	C1
imberbe	C2
imborrable	C1
imitar	B2
impactante	C1
impactar	C2
impacto	B2
impar	B2
imparable	C2
imparcialmente	C1
impartir	C2
impecable	C1
impedir	C1
imperante	C2
imperar	C2
imperdible	C1
imperfecto	B2
imperiosa	C2
imperioso	C2
impermeabilizado	C1
impermeabilizar	B2
impermeable	C1
impertinente	C2
imperturbable	C2
impertérrito	C2
implantes	C1
impoluto	C2
imponer	C2
importación	B1
importador	C1
importancia	C1
importante	A2
importar	B1
importarle	C1
importe	C1
imposible	B1
impotencia	C1
impracticable	C2
impregnar	C2
imprescindible	B2
impresionante	A2
impresionista	B2
impresora	A2
imprevisible	C2
imprimir	B1
improbabilidad	C1
impropio	C1
improvisar	C1
imprudencia	B2
impuesto	C1
impugnar	C2
impulsar	C1
imágenes	B1
imán	B2
inacabada	C1
inactividad	C1
inadaptación	C1
inadvertido	C1
inalcanzable	C1
inalterable	C1
inalterablemente	C1
inalámbrico	C1
inapreciable	C2
inapropiado	C1
inaudible	C2
inaudito	C2
inauguración	B2
inaugural	C2
inaugurar	B2
incalculable	C1
incandescente	C2
incendiar	B2
incentivar	C2
incertidumbre	B2
incesante	C1
incidente	C1
incidentes	B1
incierto	C1
incineración	C1
incineradora	C1
incinerar	B2
incitar	C2
inclinación	C1
inclinado	C1
inclinar	C1
incluso	C2
incoherencia	C1
incomprensible	C1
inconcebible	C2
inconclusa	C2
incondicional	C2
inconfundible	C1
inconsciente	B2
incontable	C1
inconveniencia	C2
incorporación	B1
incorporar	C2
incorporarse	B2
incrementar	C1
incremento	C1
increpar	C2
increíble	A2
increíblemente	B2
incrustación	C2
incubadora	C1
incubar	C1
incuestionable	C1
incuestionablemente	C2
inculcar	C2
inculpar	C2
inculpatorias	C2
incumbir	C2
incumplir	C2
incurrir	C2
incómoda	C2
indecisión	B2
indefendible	C2
indefinidamente	B2
indefinido	B2
indeleble	C2
indeleblemente	C2
indemnización	B2
indemnizar	C2
independiente	B2
indescriptible	C2
indestructible	C1
india	B1
indicado	C1
indicar	C1
indiferencia	C1
indiferente	C2
indigencia	C2
indigente	C2
indignación	C1
indignado	B2
indirecta	B2
indiscutible	C1
indispensable	C1
indisposición	C1
indispuesto	C1
individual	B2
individualizar	C1
inducir	C2
indudable	C1
indudablemente	C1
indultar	C2
indulto	C2
indumentaria	C2
industria	B1
industrial	A2
industrialización	C1
industrializar	C1
ineludible	C2
ineludiblemente	C2
ineptitud	C1
inepto	C2
inequívocos	C1
inercia	C1
inesperadamente	C1
inesperado	C1
inestable	B2
inevitable	B1
inevitablemente	B2
inexactitud	C2
inexistente	B2
inextricable	C2
infame	C2
infancia	B2
infantería	C2
infatigable	C2
infección	C1
infectar	C1
inferencia	C2
inferior	C2
inferir	C2
infierno	B1
infiltrar	C1
infinita	C2
infinito	C2
inflación	C1
inflado	C1
inflamable	C1
inflamación	C1
inflamar	C1
inflexión	C2
influencia	B2
información	A1
informado	B1
informar	B2
informativos	B2
informatizar	C1
informe	B2
informática	A2
informático	A2
infractor	C2
infringir	C1
infundado	C2
infundir	C2
infusión	A2
ingeniero	A1
ingenio	C1
ingenioso	C1
ingente	C2
ingerir	C1
ingrediente	A2
ingredientes	B1
ingresar	B1
ingreso	B2
ingresos	B2
inherente	C2
inherentemente	C2
inhumación	C2
inhumar	C2
iniciación	C2
inicial	B2
inicialmente	B2
iniciar	B2
iniciarse	C2
inicio	B2
ininteligible	C2
ininterrumpidamente	C1
injertar	C1
injerto	C1
injuria	C1
injusta	B2
injustamente	C2
injusto	B2
inmaculado	C2
inmediaciones	C2
inmediatamente	B1
inmediato	C1
inmenso	B2
inmigración	B2
inmigrante	B1
inmigrantes	B2
inmobiliaria	B2
inmortal	B2
inmortalidad	C1
inmovilizar	C2
inmueble	C2
inmundicia	C2
inmutabilidad	C2
inmutable	C2
inmóvil	C1
innato	C2
innecesario	C1
innegable	C1
innovación	C1
innovador	C1
innovar	C1
inocente	B2
inorgánica	C1
inorgánico	B1
inquebrantable	C2
inquietarse	C1
inquilino	C1
insalvable	C2
inscribirse	B1
insecticida	C2
insecto	B1
inseguridad	C2
inseparable	C1
insertar	B1
inservible	C1
insignificante	C1
insinuación	C2
insinuar	C2
insistentemente	C1
insistir	B2
insolencia	C2
insonorizar	C1
insoportable	B2
insostenible	C2
inspeccionar	B2
inspección	B2
inspector	B2
inspiración	B2
inspirar	C1
instalaciones	B1
instalación	C1
instalado	B2
instalar	B2
instancia	C2
instante	B2
instantáneo	C1
instauración	C2
instintivo	C2
institucional	C1
institución	C2
instituto	A1
instrucción	C2
instructivo	C1
instructor	C1
instruido	C1
instruir	C1
instrumento	C1
insubordinación	C2
insular	C1
insulso	C2
insultos	C2
insuperable	C1
insustancial	C2
insípido	B2
insólito	C2
intachable	C2
integración	B2
integrado	C2
integral	B2
integrar	C2
integrarse	C1
integridad	C1
integrismo	C1
intelecto	C2
intelectual	B2
inteligencia	B2
inteligente	B1
intempestivo	C2
intensidad	C1
intensificar	C2
intensivo	B2
intenso	B2
intentar	B1
intento	C2
interactivo	C1
intercambiar	B1
interesante	A1
interesar	A2
interesarse	C1
intereses	B1
interfaz	C2
interino	B2
interior	B1
intermediario	C2
interminable	B2
intermitente	C1
internacional	B1
internauta	C1
internet	A1
interponer	C2
interpretación	B2
interpretar	B2
interpretativo	C1
interprovincial	B2
interrogar	B2
interrogatorio	C1
interrumpir	C1
interrupción	C1
interruptor	B2
intersección	C1
interurbana	B2
interurbano	B2
intervalo	C1
intervención	C1
intervenir	C1
interventor	C2
interés	B1
intestinal	C1
intestino	B2
intragable	C2
intramuscular	C2
intranet	C1
intransigencia	C1
intransigente	C1
intravenosa	C2
intriga	C1
intrincado	C2
introducción	B2
introducir	B2
introvertido	B1
intrínsecamente	C2
intrínseco	C2
intuición	C1
intuitivo	C1
inundación	B2
inundado	B2
inundar	B2
inusual	C1
inutilizar	C2
invadir	C1
invalidar	C2
invariabilidad	C2
invariable	C1
invariablemente	C1
invasión	C1
invencible	C1
invención	B2
inventar	B1
inventarse	B2
invento	B1
invernadero	C1
invernal	B2
inverosímil	C2
inversión	B2
inversor	B2
invertebrado	C1
invertir	B2
investidura	C2
investigación	B2
investigador	B2
investigar	B2
invicto	C2
invierno	A1
invitación	A2
invitado	B2
invitar	A2
invocación	C2
invocar	C2
involucionar	C2
involucrarse	C2
involuntario	C1
inyección	B2
inyectar	C1
inédito	C2
inútil	B2
inútilmente	C1
ir	A1
ira	C1
irle	B2
ironía	C1
irpf	C1
irracional	C2
irradiar	C2
irreal	B2
irrealizable	C1
irrefrenable	C2
irrefutable	C2
irrefutablemente	C2
irregular	B2
irremediablemente	C1
irreprochable	C2
irrigado	C2
irrigar	C2
irrisorio	C2
irse	B1
isla	A2
islamismo	B2
istmo	C2
italiano	A2
itinerante	C1
itinerario	B2
iva	A2
izar	C2
izquierdo	B1
jabonoso	C1
jabón	A1
jacuzzi	B2
jade	C1
jalar	C2
jaleo	C2
jamás	C1
jamón	A2
japonesa	A2
japonés	A1
jaqueca	C2
jardinera	B2
jardinería	B1
jardín	A1
jarra	B1
jarrear	C2
jarrón	B2
jazz	A2
jefe	A1
jerarquía	C1
jersey	A1
jolgorio	C2
jornada	B2
jornalero	C2
jorobado	C2
jota	C2
joven	A2
jovencito	C2
jovenzuelo	C2
jovial	C2
joya	B1
jubilarse	B1
judicial	B2
judías	B1
judío	A1
juego	A1
juegos	B2
juerga	C2
juez	A2
jugador	B1
jugar	C2
jugarse	C1
jugoso	C1
juicio	C1
juicioso	C2
junta	C1
juntar	B2
junto	B1
juntos	A2
jurado	B2
juramento	C2
jurar	C2
justa	B2
justamente	C1
justicia	B2
justificante	C1
justificar	C1
justo	B2
juvenil	B2
juventud	B2
juzgado	C1
juzgar	C1
jónica	C2
júbilo	C2
kilo	A2
kilómetro	A1
kilómetros	A2
kiwi	B1
la	A2
labios	C1
labor	C1
laborable	B1
laboral	B2
laboralista	B2
laboratorio	B1
labrador	C1
labranza	C2
labrar	C2
laca	B2
lacado	C2
lacio	C2
lacrar	C2
ladeado	C2
ladear	C2
ladera	C1
lado	B1
ladrar	C1
ladrido	C2
ladrillo	B2
ladrón	B1
lago	B1
laguna	B2
laica	B2
laico	B2
lamentable	C1
lamentar	B2
lana	B1
lanar	C1
lancha	C1
langosta	B2
langostino	B2
lanzamiento	B2
lanzamisiles	C2
lanzar	B2
lanzarse	C1
lapso	C2
larga	B1
largar	C2
largo	A1
largometraje	B2
larguero	C2
las	A2
lastre	C2
lata	A2
latas	B1
latente	C2
lateral	C2
latifundio	C2
latitud	C1
lavabo	A1
lavado	C1
lavadora	A2
lavaplatos	A2
lavar	A2
lavarse	A1
lavavajillas	B1
laxa	C2
laxitud	C2
laxo	C2
lazos	C1
lealtad	C1
lección	A1
lechal	C2
leche	A1
lechuga	A2
lechuza	C1
lector	C1
leer	A1
legado	C2
legal	B2
legalidad	C1
legalizar	C1
legibilidad	C2
legislación	C1
legislar	C1
legislativo	B2
legislatura	C1
legumbres	B2
legítimo	C2
lejano	B2
lejanía	C1
lejos	A1
lejía	C1
lema	C1
lenguado	B2
lenguaje	C2
lengüeta	C2
lenta	C1
lentamente	B1
lente	C2
lentejas	B1
lentillas	B2
lentitud	B2
lento	A1
leo	B2
lesbiana	B1
lesionar	C1
lesión	C1
letra	A2
letras	C2
levadura	B2
levantado	B1
levantamiento	C1
levantar	B1
levantarse	C2
levante	C2
levar	C2
leve	C1
levedad	C2
ley	B1
leyenda	B2
león	B1
liado	C1
liar	C1
liberal	B1
liberalización	C1
libertad	B2
libra	C2
librar	C2
librarse	C2
libras	B1
libre	B1
librería	A2
libro	A1
licenciado	B1
licenciarse	B2
liceo	C1
lichi	C1
licor	B2
licorería	C2
licuación	C2
licuar	C2
liderar	C2
lidiar	C2
liga	B2
ligar	C2
ligarse	C1
ligera	B2
ligereza	C2
ligero	B1
lijado	C1
lijar	C1
lima	B2
limarse	B2
limitada	C1
limitado	B2
limitar	C2
limpia	B2
limpiacristales	C1
limpiadora	B2
limpiar	A2
limpieza	B2
limpio	A2
limpios	A2
limusina	C1
limítrofe	C2
linaje	C2
lindante	C2
lineal	C1
lingote	C2
lingüística	C1
lino	B1
linterna	B2
lipotimia	C2
liquen	C2
liquidación	C1
liquidar	C2
liso	B1
lista	C1
listo	B2
literario	B2
literato	C2
literatura	A2
litoral	B2
litro	A2
liviano	C2
llamada	C2
llamar	A2
llamarse	A1
llamativo	C1
llano	C1
llanura	B2
llaves	A1
llegada	B1
llegado	C2
llegar	A1
llegarle	C1
llegaré	C1
llenar	B1
lleno	B1
llevadero	C2
llevar	A2
llevarse	B2
llorar	B1
llover	A1
llovizna	C1
lloviznar	C1
lluvia	A2
lluvias	C2
lluvioso	B2
lo	B2
loable	C2
local	B2
locales	B2
localidad	C1
localización	B2
localizar	C1
loco	B2
locuaz	C2
locutor	B1
locutorio	C1
logotipo	C1
lograr	B2
logro	C1
logística	C1
lombarda	C1
lomo	B1
lona	C2
loncha	B1
longevidad	C2
longevo	C2
longitud	B2
longitudinal	C2
lonja	C2
los	B2
losa	C2
loseta	C2
lote	C1
lubina	B2
lucha	C1
luchar	B2
lucidez	C2
ludopatía	C1
luego	B1
lugar	A1
lugares	A1
lujoso	B2
lumbago	C1
lumbalgia	C2
lumbar	C1
luminosidad	B2
luminoso	B1
luna	B2
lustro	C2
luxación	C2
luz	A2
lácteos	B1
lágrima	B2
lámina	C1
lápida	C2
lápiz	A1
láser	B1
lástima	B1
látigo	C2
líder	B2
límite	B2
línea	B1
lío	C1
líquido	B1
lógica	C1
lógico	B2
lúcido	C1
lúdico	C1
macabro	C2
macedonia	B2
maceta	B2
machacar	C2
machaconamente	C2
machacón	C2
maciza	C2
macizo	C1
macuto	C2
madera	A2
madero	C2
madrastra	C1
madre	A1
madriguera	C2
madrina	C1
madrugada	B2
madrugador	C1
madrugar	B2
madurar	B2
madurez	B2
maduro	B2
maestra	C1
maestro	B2
maestría	C2
mafia	B2
magdalena	B1
magisterio	C2
magistrado	C1
magistral	C2
magnitud	C2
magnífico	B2
magro	B2
mal	A1
mala	B2
malas	B1
malcriar	C1
maleabilidad	C2
maleable	C2
maleducado	B1
malentendido	C2
malestar	B2
maleta	A1
maletero	B1
maletín	A2
maleza	C2
malgastar	C1
malo	A1
malos	B2
malversación	C2
malísimo	B1
mamar	B2
mamá	A2
mamífero	B1
manada	C1
manantial	C1
mancha	B2
manchar	B2
manchas	B2
mandar	B1
mandato	C1
manejable	C2
manejar	B2
manejo	C2
manera	B2
manga	C1
manguito	C2
manguitos	C2
manido	C2
manifestar	C1
manifiesto	C2
manilla	C2
manipular	C1
mano	B2
manojo	C2
manos	C1
mansión	C1
manso	B2
manta	B1
mantel	B1
mantelería	C1
mantener	C1
mantenerse	C1
mantenimiento	C1
mantequilla	A2
manual	B2
manufactura	C1
manuscrita	C1
manuscrito	C1
manzana	C1
manía	B2
mapa	A1
maquetar	C2
maquillador	C1
maquillaje	B2
maquillarse	B2
maquinaria	C1
maquinilla	B1
maquinista	C2
mar	A1
maracuyá	C1
maravilla	B1
maravillado	C1
maravillar	C2
maravilloso	B2
marcados	C2
marcar	C1
marcha	B2
marchante	C2
marchar	C1
marcharse	B2
marchita	C1
marchitar	C2
marchitarse	C2
marchito	C2
marea	B2
mareado	B1
marearse	B2
marejada	C2
maremoto	B2
mareos	B2
margarina	B1
margarita	A2
marginación	B2
marginado	C1
marginal	C1
marginalidad	C1
marginar	C1
marido	A1
marina	C2
marinero	B1
marino	B2
marisco	B1
marrones	A1
marroquí	A1
marrón	A1
marxismo	B2
marítima	C1
marítimo	B2
masa	C1
masaje	B2
masajear	C2
mascota	B2
masculino	B1
mascullar	C2
masivo	C2
masticar	B2
masía	C2
matanza	C2
matar	B1
matasellos	C1
mate	B2
matemáticamente	C1
matemáticas	A2
matemático	C1
materia	B2
material	B2
materiales	C1
materialidad	C2
materialista	C2
materialización	C1
materializarse	C2
maternal	C1
maternidad	B2
matiz	C1
matizar	C2
matriarcado	C2
matricular	C1
matricularse	B1
matrimonio	B1
matrona	C2
matrícula	B1
matusalén	C2
maullar	C2
maullido	C2
maximizar	B2
mayonesa	A2
mayor	A2
mayores	B2
mayorista	C2
mayoritaria	B2
mayoritario	C2
mayoría	B1
mayúsculo	C1
maña	C2
mañana	A1
mañanas	A2
mañoso	C2
me	B1
meandro	C2
mecanismo	C2
mecanografiada	C1
mecedora	C1
mecenas	C2
mecer	C1
mechas	C1
mecánica	C2
mecánico	A2
medalla	B2
media	A2
mediana	A2
mediano	A2
mediar	C2
medias	A2
medicamento	B2
medicina	A2
medicinal	B2
medicinales	C1
medición	C2
medida	B1
medidas	C1
medieval	B1
medio	B2
mediocre	C1
mediocridad	C2
medios	B1
medir	B1
meditación	C2
meditar	C2
mediterráneo	B1
mega-	C2
mejilla	B2
mejillón	B2
mejor	A2
mejorar	C1
mejoría	C2
melancólico	C2
melena	B2
melisa	C2
mellizos	B2
melodiosa	C1
melodía	C1
melómano	C2
membrete	C1
memo	C2
memoria	B2
memorias	C1
memorizar	A2
mencionar	C2
mención	C2
menear	C2
meneo	C2
menguante	C2
menguar	C2
menor	B1
menores	B2
menos	A1
mensajero	B1
menstruación	B2
mensual	B2
mensualmente	B2
mental	B2
mentalista	C1
mentalmente	B2
mentira	B2
mentor	C2
menudo	C2
mercader	C2
mercadillo	C2
mercado	A1
mercadotecnia	C1
mercancía	B2
mercurio	B2
merecer	C1
merendar	A1
merendero	C2
merengue	B2
meridiano	C2
meridional	C2
meridionales	C2
merienda	A1
meritorio	C2
merluza	A2
merodear	C2
mes	A1
mesa	A1
meses	A1
meseta	C1
mesilla	B1
mesura	C2
mesón	C1
meta	B2
metafísica	C1
metafísico	B2
metal	A2
metalizado	C1
metamorfosis	C2
metedura	C2
meteorito	C1
meteorológico	B2
meter	C2
meterse	C1
metodología	C2
metralleta	C1
metro	A1
metropolitano	C1
metros	B1
metrópoli	C2
metáfora	C1
metálico	B2
mexicano	A1
mezcla	B2
mezclar	B2
mezclarse	C1
mi	B2
michelines	C2
microbio	C2
microondas	A2
microorganismo	C2
microprocesador	C2
microscopio	B2
microscópico	C1
miedo	B1
miembro	B2
mientras	B2
miga	B2
migaja	C2
migración	C2
migraña	C2
mililitro	C2
militar	B1
milla	C1
millar	B2
milímetro	B2
mina	C1
minifalda	B1
minifundio	C2
minimalista	C1
minimizar	B2
ministerial	C1
ministerio	B1
ministro	A2
minorista	C2
minoritaria	B2
minoría	B1
minuciosidad	C2
minucioso	C1
minuto	A1
minutos	B1
minúsculo	C1
miopía	C2
mira	C2
mirada	B1
mirar	A2
mirilla	C2
misa	B2
miseria	C1
misil	C1
misionero	C1
misiva	C2
misticismo	C2
mobiliario	C1
mochila	A2
moción	C2
mocoso	C2
modales	B2
modelar	C1
modelo	B2
moderación	C1
moderada	C1
moderadamente	B2
moderado	C1
moderna	A2
modernidad	C1
modernista	B2
moderno	A2
modificación	B2
modificar	B2
modo	B1
modélico	C1
mogollón	C2
mojado	B1
mojar	B1
mojón	C2
molde	C1
moldeable	C1
moldear	C1
moldura	C2
mole	C2
moler	C1
molestias	B2
molesto	C1
mollera	C2
molusco	C2
molécula	B2
momento	A1
momentáneo	C1
momia	C1
momificar	C2
monarquía	B1
monasterio	C1
moneda	A2
monedas	B1
monetario	C2
monitor	B2
monja	B2
mono	B2
monogamia	C2
monoparental	C1
monopolio	C2
monopolizar	C2
monoteísta	B2
monovolumen	C1
montaje	C1
montar	B1
montaña	A1
montañas	C1
montañero	B1
monte	B2
montículo	C2
montón	B2
monumental	B2
monumento	A1
monzón	C2
monólogo	B2
monótono	C1
moqueta	C1
mora	B2
morada	C1
moral	C1
moralista	C1
morar	C2
mordisco	C2
moreno	B2
morfología	C2
morir	A2
morirse	C1
moroso	C2
morro	C2
mortadela	C1
mortal	C1
mortalidad	B2
mortecino	C2
mortuorio	C2
mosca	A2
moscatel	C2
mosquito	A2
mostaza	B1
mosto	C1
mostrador	C1
mostrar	B2
mota	C2
mote	C1
motel	C1
motivación	B2
motivar	C1
moto	B1
motor	C1
mover	B1
moverse	C1
movida	C1
movilidad	C1
movilización	C1
movilizar	C2
movimiento	B2
mozo	C2
mozárabe	C1
mucha	C2
muchas	A2
muchedumbre	C1
mucho	A1
muchos	B1
mudable	C2
mudanza	B2
mudarse	B2
mudo	B2
mueble	C2
muela	A2
muelle	C1
muerta	C2
muerte	B1
muestra	B2
muestrario	C2
mugido	C2
mugir	C2
mugre	C2
mugriento	C2
mujer	A1
muletilla	C2
multar	C2
multicolor	B2
multimedia	C1
multinacional	A2
multiplicar	B1
multitud	B2
mundial	B1
mundo	A2
municipal	A2
municipales	B2
municipio	C1
munición	C2
mural	C1
murmullo	C1
murmurar	C1
muro	C2
muscular	C2
museo	A1
musical	A2
muslos	B2
mustia	C1
mustio	C2
musulmán	A1
mutación	C2
mutante	C2
muy	A1
muñeca	B1
muñeira	C2
mármol	B2
márquetin	B1
mártir	C1
más	A1
máster	B1
mástil	C2
máxima	B2
máximo	B2
médica	B2
médico	A1
método	B1
mínima	B2
mínimo	B2
mísero	C2
mízcalo	C2
módem	B2
módico	C1
móvil	B2
múltiple	C1
múltiplo	C1
músculo	B1
música	A1
músico	A2
nacer	A2
nacido	B2
nacimiento	B2
nacional	B1
nacionalidad	A1
nacionalismo	C2
nacionalista	B2
nación	B1
nada	A2
nadar	A1
nadie	A2
nailon	B1
nana	C2
napia	C1
naranja	A1
nariz	A1
narración	B2
narrador	B2
narrar	B2
narrativa	C2
nasal	C1
nata	B1
natación	B1
natalidad	B2
natural	B1
naturales	B1
naturaleza	C1
naturalmente	C1
naufragar	C1
nauseabundo	C2
navaja	C2
navajazo	C2
nave	B2
navegación	C2
navegador	B1
navegar	B1
navidad	A2
navideña	C1
naviero	C2
necesariamente	B1
necesario	A2
necesidad	B1
necesitado	C2
necesitar	A2
nefasto	C2
negación	B2
negar	B2
negativa	C1
negativamente	C1
negativo	C2
negligencia	C1
negociante	C1
negociar	C1
negocio	A2
negocios	B1
negra	B2
negro	A1
negros	A1
nervio	B2
nervioso	A2
neto	C1
netos	C1
neumonía	B2
neurología	C1
neurona	B2
neuronal	C1
neutro	C1
neutrón	C2
nevar	A1
nevera	A2
neófito	C2
ni	C2
nicho	C2
nido	C1
niebla	A2
nieto	A1
nieve	A2
nimio	C2
ninguna	B1
niquelado	C2
nitidez	C2
nitrógeno	B2
nivelado	C1
nivelar	C1
niña	A1
niñez	B2
niño	A1
no	A1
nobiliario	C1
noble	B2
nobleza	C1
noche	A1
noches	A2
nocivo	C2
nocturna	B2
nombramiento	C2
nombrar	C1
nombre	A1
nominativo	C1
nordeste	A2
norma	B2
normal	A2
normalizar	C1
normalmente	A1
normas	B1
normativa	C1
noroeste	A2
norte	A1
nota	B1
notable	C1
notar	C1
notas	B1
noticia	B1
noticias	B2
notificación	C1
notificar	C1
notorio	C2
novato	C1
novedad	C1
novedoso	C1
novel	C2
novela	A2
novelista	B1
novicio	C2
novillos	C1
novio	A1
nubarrón	C2
nube	A2
nubes	C2
nublado	B1
nublar	C1
nublarse	B1
nuclear	B2
nudo	C2
nueces	B2
nuera	B2
nuestra	C1
nuestros	C1
nuevamente	B2
nuevas	B2
nuevo	A1
nula	C1
numerados	C1
numerosa	B2
numeroso	C1
nunca	A1
nupcial	B2
nutrir	C2
nutritiva	B2
nutritivo	B2
náuseas	B2
néctar	C2
níscalo	C2
nítido	C1
núcleo	C1
número	A1
obedecer	B1
obeso	C2
objetar	C2
objetiva	C2
objetividad	C2
objetivo	B2
objeto	B2
oblicuo	C2
obligatoria	B2
obligatoriamente	B1
obligatorio	B1
obra	A2
obrar	C2
obras	B2
obrero	C1
observación	B2
observar	B1
observatorio	C1
obsesiva	C2
obsoleto	C2
obstrucción	C1
obstruido	C1
obtener	C1
obvio	C1
obús	C2
oca	C1
ocasional	C1
ocasionalmente	C1
ocasionar	B2
occidental	B1
occidente	B1
oceanía	B1
ocio	B2
ocioso	C1
octogenario	C2
octosílabo	C2
oculista	B1
ocultar	C1
oculto	B2
ocupación	B2
ocupado	B1
ocupar	C1
ocurrencia	C2
ocurrir	B2
ocurrírsele	B2
océano	B1
oda	C2
odiar	A2
odio	B2
odisea	C1
oeste	A1
ofensiva	C2
oferta	B1
oficial	C1
oficialmente	C1
oficiar	C2
oficina	A1
oficio	B1
ofrecer	B1
oftalmología	C2
ojal	C2
ojeada	C1
ojera	C1
ojival	C2
ojo	A1
ojos	C2
ola	B1
olas	B1
oleaje	C2
oler	B1
olerse	C2
olfatear	C1
olfato	B2
olimpiada	B2
olivo	A2
olla	B2
olor	B1
oloroso	C1
olvidar	B2
olvido	B2
ombligo	C1
omitido	C2
omitir	C2
omnipresencia	C2
omnipresente	C2
omnívoro	C1
onda	B2
ondear	C2
ondulado	C1
onomástica	C2
onza	C2
opaca	C1
opaco	C2
operar	C2
operario	C1
operativo	C1
opinar	B2
opinión	B1
oponente	C1
oponerse	C1
oportunidad	C1
oportunismo	C2
oportuno	C1
opositor	C2
optar	C1
optativa	C1
optativo	B2
optimismo	B1
optimista	A2
opulencia	C2
opípara	C2
opíparo	C2
oración	B2
oral	C2
oralmente	B2
orden	B1
ordenación	C2
ordenadamente	C2
ordenado	B1
ordenador	A1
ordenar	B1
ordeñar	C1
ordinal	C2
ordinario	C2
orfanato	C2
orfebrería	C2
organización	B1
organizada	B2
organizado	B1
organizar	B1
orgullo	B2
orgánica	C1
orgánico	B1
orientación	B2
orientado	B2
oriental	B1
orientales	C2
orientar	C1
orientarse	C1
oriente	B1
origen	B1
original	B1
originalidad	B2
originar	C1
orilla	B2
oro	B1
orografía	C2
orográfico	C2
oros	C2
orquesta	B1
ortodoxo	B1
orujo	C1
orégano	B2
osa	B2
oscilante	C2
oscilar	C2
oscura	B1
oscurecer	C1
oscuridad	B2
oscuro	A1
oscuros	A1
ostensible	C2
ostentar	C1
ostracismo	C2
otear	C2
otorgar	C2
otorrino	B2
otoñal	B2
otoño	A1
otra	A2
otro	C1
oveja	B1
ovino	C1
oxígeno	B2
oyente	B2
oído	B2
oír	A2
pabellón	C1
pachucho	C2
paciencia	B1
paciente	B1
pactar	C2
pacto	C2
pacífico	B1
padecer	B2
padrastro	C1
padre	A1
padres	A1
padrino	C1
padrón	C2
paella	A1
pagado	C2
pagar	A1
pago	B2
pagos	C1
paisaje	B1
paisajista	C2
paja	C2
pajar	C1
pala	B2
palabra	B1
palacete	C1
palacio	A2
paladear	C2
palanca	C1
palco	C1
paleta	C2
palma	C1
palmera	B2
palo	C2
palpable	C1
palpar	C2
pampa	C2
pan	A1
pana	B2
panadero	A2
panadería	A2
pancarta	B2
panda	C2
pandilla	C1
panel	C1
panorámica	C1
pantalla	B1
pantalones	A1
pantalón	C2
pantano	B2
papaya	C1
papear	C2
papel	A2
papelera	B2
papelería	A2
papeleta	B2
paperas	C2
papá	A2
paquete	A2
par	B2
para	B1
parada	B1
paradisiaca	C2
parado	B2
paradoja	C2
parador	B2
paradójico	C2
paraguas	A2
paragüero	C2
paralelo	C1
paranoia	C2
parapente	B1
parar	B1
paraíso	B2
parcela	C2
parche	C2
parcial	B2
parcialidad	C2
parco	C2
parecer	B1
parecerle	B1
parecerse	B1
parecido	A2
pared	A2
pareja	A1
parientes	C1
parir	C1
parlamentario	B2
parlamento	B1
parlotear	C2
parpadear	C1
parque	A1
parqué	C1
parte	B2
participación	B2
participar	B2
particular	B2
particularidad	C1
particularizar	C2
particularmente	B2
partida	B2
partidario	C2
partido	C2
partir	B2
partirse	C1
partitura	C2
parto	B2
parturienta	C2
partícula	C2
parábola	C1
paráfrasis	C2
parámetros	C2
parón	C2
pasable	C1
pasadas	B2
pasado	B1
pasajera	C1
pasajero	C1
pasaporte	A1
pasapurés	C2
pasar	A2
pasarela	C1
pasarlo	B1
pasarse	C1
pasatiempo	B2
pase	C2
pasear	A2
paseo	A1
pasillo	A2
pasma	C2
pasmado	C2
paso	C1
pasta	A2
pastel	C1
pastilla	B1
pastillas	C2
pasto	C2
pastor	C1
pastoso	C1
pasárselo	B2
pata	C1
patas	C2
patata	A2
patatas	B1
patentar	C2
patente	C2
paternal	C1
paternidad	B2
paticorto	C2
patinar	C1
patinazo	C2
patio	C2
pato	C1
patria	C2
patriarcado	C2
patrimonio	C1
patriota	C2
patriotismo	C2
patrocinador	C1
patrocinar	C1
patrocinio	C2
patronaje	C2
patronal	C1
patrono	C2
patrullar	C2
patrón	C1
paulatino	C2
pausado	C1
pavimentar	C2
pavimento	C2
pavo	C1
paz	A2
país	A1
países	B1
paño	C1
pañuelo	A2
pc	A2
peaje	B2
peatonal	A2
peatón	B2
peca	C1
pecado	B2
pecador	B2
pecar	B2
pecho	C1
pechuga	B1
pechugas	B2
peculiar	C1
pedagogo	C1
pedagogía	C1
pedagógico	C1
pediatra	B2
pediatría	C1
pedido	B2
pedir	B1
pedregoso	C2
pegadizo	C2
pegado	C1
pegajoso	C1
pegar	B2
pegarse	C2
pegatina	B2
peinado	B1
peinarse	A2
peine	B1
pelar	B1
pelearse	B2
peleón	C2
peliculón	C1
peligrosa	C1
peligroso	B2
pellizcar	C2
pelo	A1
pelota	B1
peludo	B2
peluquería	A2
película	A1
pena	B1
penal	B2
penalti	C2
pendiente	C1
pendientes	B1
pendular	C1
penetrante	C1
peninsular	C1
penitencia	B2
penitenciaría	C2
penitente	C1
penoso	C1
pensador	C1
pensamiento	B2
pensar	B1
pensarse	C1
pensativo	B2
pensión	A2
pentagonal	C2
pentágono	C1
península	B1
penúltimo	C1
peor	A2
pepita	C1
pequeña	A2
pequeñez	C2
pequeño	A1
pequeños	A1
percebe	C1
percepción	C1
perceptible	C1
percha	B2
perchero	C2
percibir	C1
perdedor	B1
perder	B1
perderse	B2
perdido	B1
perdiz	C1
perdonable	C1
perdurable	C2
perdurablemente	C2
perdurar	C1
perdón	B2
perecedero	C2
perecer	C2
peregrinación	C2
peregrinar	C2
peregrino	C2
perejil	A2
perenne	C2
perennemente	C2
perentorio	C2
perezoso	B2
perfeccionista	B2
perfección	B2
perfectamente	B2
perfecto	A2
perfil	B2
perfumado	B2
perfume	B1
periferia	C1
periférico	C1
perilla	C1
periodismo	B1
periodista	A2
periodo	B2
periodístico	B2
peripecia	C2
peritación	C2
perito	C2
periódica	B2
periódicamente	B2
periódico	B2
periódicos	B2
perjudicial	C1
permanecer	C1
permanencia	C1
permanente	B2
permanentemente	C1
permisiva	C2
permiso	B2
permitir	C1
permuta	C2
permutar	C2
pernicioso	C2
pero	C2
perpendicular	C1
perpetuamente	C2
perpetuar	C2
perpetuidad	C2
perpetuo	C1
perro	A2
persa	C2
persecución	C1
perseguir	C2
perseverante	C1
perseverantemente	C2
perseverar	C1
persistente	C1
persistir	C2
persona	A2
personaje	B1
personal	B2
personalidad	B2
personalizar	C1
personalmente	B2
personarse	C2
personas	B2
perspectiva	B2
perspicacia	C2
pertenecer	B2
pertinaz	C2
pertinente	C2
perturbación	C2
perturbar	C2
peruano	C1
pesada	B2
pesadez	C1
pesadilla	C1
pesado	B1
pesar	A2
pesarse	B2
pesca	B1
pescado	A1
pescador	B1
pesimismo	B1
peso	B1
pesquero	B2
pestaña	B2
pestañear	C1
peste	C1
pesticidas	C1
pestilencia	C2
pestilente	C2
peteneras	C2
petición	B2
petrolero	C1
petróleo	B2
pez	A2
pezuña	C1
peña	C2
peón	C2
pianista	B1
piano	A2
piar	C2
picado	C2
picadora	B2
picante	B1
picar	B2
picaresca	C2
picas	C2
pico	C1
picor	C1
pictórico	B2
picudo	C2
pie	C2
piedad	C1
piedra	B1
piel	A2
pienso	C2
pierna	A2
pieza	C1
pijama	A2
pila	C1
pilar	C2
pilas	B1
pillar	C2
pilotar	B2
piloto	C1
pimienta	A2
pinacoteca	C2
pinar	C2
pinchar	B2
pinchazo	C1
pincho	B2
pino	A2
pinta	C1
pintado	B1
pintar	A2
pintarse	B1
pintor	A2
pintoresco	C1
pintura	B1
pipeta	C2
piragua	B1
piramidal	C2
pirata	C1
pirámide	C1
pisar	C2
piscifactoría	C2
piscina	A2
piscolabis	C2
piso	A1
pisotear	C2
pista	B1
pistilo	C2
pistola	B1
pitar	C1
pitido	C2
pitillo	C2
pizarra	A1
pizca	C1
pizzería	A2
piña	B1
plaga	C2
plan	B1
plancha	C2
planchado	C1
planchar	B1
planear	C1
planes	A2
planeta	A2
planicie	C2
planificación	C2
planificar	C2
plano	B1
planos	B1
planta	A1
plantación	C1
plantar	B1
plantarse	C2
plantas	C2
planteamiento	C1
plantear	B2
plantilla	C1
plantón	C2
plasticidad	C1
plastificado	B2
plastificar	B2
plata	B1
plateado	B2
plateresco	C1
platino	C1
plato	A1
platónico	C1
plausibilidad	C2
plausible	C2
playa	A1
plaza	A1
plazo	B2
plegable	C2
plegaria	C2
plegarse	C2
pleito	C2
plena	C1
plenilunio	C2
pletórico	C2
plisado	C2
plomizo	C2
plomo	B2
pluma	C2
plumas	B2
plumier	C2
pluralidad	C1
plástica	C2
plásticas	B2
plástico	A2
plátano	A2
población	B1
poblada	B2
poblado	C1
pobre	C2
pobres	B1
pobreza	B1
poca	B2
pocho	C2
pocilga	C1
poco	A1
pocos	A1
poda	C1
podar	C1
poder	A2
poderosa	C2
podrido	B2
poema	B1
poesía	A2
poeta	B1
polar	C1
polemizar	C2
polen	B2
poli	C2
policiaca	B1
policial	C1
policía	A1
poliedro	C2
poligamia	C2
polinización	C2
politeísmo	C1
politeísta	B2
poliédrico	C2
poliéster	B2
pollo	A2
polo	B1
polución	B1
polémico	C1
polígono	C1
política	A2
políticas	C1
político	B1
pomada	B2
pompas	C2
pomposo	C2
ponderar	C2
ponencia	C2
poner	B1
ponerse	B1
poniente	C2
pop	A2
popa	C2
popular	B1
por	A1
porcentaje	B2
porcino	C1
porción	B2
pormenorizado	C2
pormenorizar	C2
porosidad	C1
poroso	C1
porquería	C1
portada	B2
portal	C2
portaminas	C2
portarse	B1
portaviones	C2
porte	C2
portero	B1
portería	C2
portátil	B2
porvenir	C1
posdata	B1
posibilidad	B1
posibilitar	C1
posiblemente	B1
posición	B2
positiva	B1
positivamente	C1
positivismo	C2
posponer	C1
posposgrado	C2
post-	C2
postal	A1
poste	C2
posterior	B2
posteriormente	B2
postre	A1
postura	B2
potable	B2
potencial	C2
potente	C1
potingue	C2
practicable	C2
practicante	B2
practicar	B1
pradera	C1
prado	B1
preadolescencia	B2
precario	C1
precedente	C1
preceder	C1
preceptor	C2
precio	A1
precios	B1
precioso	B1
precipicio	C2
precipitaciones	C1
precisión	C1
preciso	C1
precocidad	C2
precoz	C1
precursor	C2
predecesor	C2
predecir	C1
predicador	C1
predicción	C1
predilección	C2
predisposición	C2
preeminencia	C2
preexistencia	C2
prefacio	C2
prefijo	A2
pregunta	A2
preguntar	A2
preguntarse	B2
prehistórico	B1
preliminar	C2
preludio	C2
prematuro	C1
premio	B1
premisa	C2
prensa	B1
preocupado	B2
preocuparse	B2
preparado	B1
preparador	C1
preparar	A2
preparatorio	C1
prepotencia	C1
prepotente	C1
prerrománico	C1
presa	C2
prescindible	C1
prescindir	C1
prescribir	C2
prescripción	C2
presencia	B2
presencial	C1
presenciar	C2
presentación	B2
presentador	A2
presentar	B2
presentarse	C1
presente	B1
preservar	C1
presidencia	C1
presidencial	C1
presidente	A1
presidir	C1
presiones	C1
presión	B2
prestación	C1
prestamista	C2
prestar	B2
prestigio	C1
presumir	C2
presunción	C2
presunto	C1
presuponer	C2
presuposición	C2
presupuesto	B2
pretencioso	C2
prevaricación	C2
prevención	C1
prevenir	C1
preventiva	C1
preventivo	C1
prever	C1
previamente	B2
previo	C1
previsible	C1
previsión	B2
previsor	C1
previsto	C1
preámbulo	C2
prieto	C2
primar	C2
primaria	B2
primario	C1
primarios	B2
primavera	A1
primaveral	B2
primer	A1
primera	B2
primero	B1
primicia	C1
primitivo	C1
primo	C2
primogénito	C2
primordial	C2
primordialmente	C2
primoroso	C2
princesa	A2
principal	B2
principalmente	B2
principio	B1
principios	C1
pringar	C2
pringoso	C2
prioridad	C1
prisión	C2
prisma	C2
privada	B2
privado	B1
privatización	C1
privatizar	C2
privilegiada	C2
proa	C2
probabilidad	B2
probable	A2
probado	C1
probador	A2
probar	B1
probarse	A2
probeta	C2
problema	B2
problemático	C1
procedencia	B2
procedente	C2
proceder	B2
procedimiento	C2
procesador	B2
procesión	B2
proceso	B2
procrear	C2
prodigarse	C2
prodigioso	C2
producción	B1
producir	B1
producirse	B2
producto	B1
productor	B2
productos	B2
profanar	C2
proferir	C2
profesar	C2
profesional	B2
profesionalidad	B2
profesión	A1
profesor	A1
profesorado	B2
profesores	B2
profunda	B2
profundidad	B2
profundizar	C2
profundo	B1
profusamente	C2
profusión	C2
profuso	C2
programa	A2
programación	B2
programar	B1
programas	C2
progresar	C1
progresista	B2
progreso	B1
prohibida	B2
prohibido	B2
prohibir	B2
prohibitivo	C2
proletariado	C1
proletario	C1
proliferación	C2
proliferar	C2
prolijamente	C2
prolijo	C2
prologuista	C2
prolongación	C1
prolongadamente	C1
prolongado	C1
prolongar	C1
prolífico	C2
prometedor	C1
prominencia	C2
promoción	B2
promotor	C1
promover	C1
promulgar	C2
pronosticado	C1
pronosticar	C1
prontitud	C2
pronto	A1
pronóstico	C1
propaganda	B2
propagar	C1
propiciar	C2
propicio	C1
propiedad	B2
propietario	A2
propio	C1
proponer	B2
proporcionadamente	C2
proporcionado	C1
proporcionados	C2
proporcional	B2
proporcionalmente	B2
proporcionar	C2
proporciones	C1
proporción	B2
proposición	C1
propuesta	B2
propulsar	C2
prorratear	C2
prorrateo	C2
prorrogar	C2
prosa	B2
proseguir	C2
prospecto	B2
prosperar	C1
prosperidad	C1
protagonista	B1
protección	B2
proteger	B1
protegerse	B2
protegida	B2
protegido	B2
protesta	C1
protestante	B1
protestantismo	B2
proteínas	B1
protocolario	C2
protocolo	C2
prototipo	C2
protón	C2
provecho	C1
provechosamente	C2
provechoso	C1
proveedor	B2
proveer	C1
provincia	B1
provincial	B2
provisional	C1
provisionalmente	C1
provocar	B2
proxenetismo	C2
proximidades	C2
proyección	C1
proyectar	B2
proyecto	C2
proyector	C1
prudente	B2
prueba	B2
pruebas	C1
práctica	B1
práctico	B1
préstamo	B2
príncipe	A2
pródigamente	C2
pródigo	C2
prólogo	C1
prórroga	C2
próxima	B2
próximamente	B2
próximo	B2
psicosis	C1
psicólogo	B1
psiquiatría	C1
publicación	B2
publicar	B2
publicidad	A1
publicitario	B1
pudrirse	B2
pueblo	A1
puente	B2
puentear	C2
puerta	A1
puertas	B2
puerto	A1
puesto	B2
pugnar	C2
pulcritud	C2
pulcro	C2
pulgada	C1
pulgar	C1
pulido	C1
pulir	C1
pulmón	B1
pulpa	C1
pulsar	B1
pulsera	B1
pulular	C2
pulverizar	C2
punta	C1
puntas	C1
puntiagudo	C2
punto	B1
puntos	C2
puntuación	C2
puntual	B1
puntualidad	B2
puntualizar	C2
puntualmente	B2
puntuar	C1
punzada	C2
punzante	C1
pupitre	C2
pureza	B2
purgatorio	B2
puro	C1
puzle	B2
puñado	C1
puñalada	C2
puño	C1
página	A1
páginas	B1
pájaro	A2
pálido	B2
pálpito	C2
páncreas	C1
pánico	B2
páramo	C2
párroco	B2
pérdidas	B2
pésima	C1
pésimo	C1
pésimos	C1
pétalo	B2
pétreo	C2
píldora	C1
pócima	C2
póliza	C2
póster	B1
pública	A2
públicamente	C2
público	B1
públicos	B1
que	A2
quebradizo	C1
quebrar	C2
quedar	B2
quedarse	A2
quehacer	C1
quejas	C1
quemadura	B1
quemar	B2
quemarse	B1
querella	C2
querellarse	C2
queso	A2
quicio	C2
quieto	B2
quietud	C1
quimioterapia	C2
quinceañero	C2
quincenal	B2
quinta	C2
quintal	C2
quiosco	A1
quirófano	B2
quiste	C2
quitamiedos	C2
quitar	B2
quitarse	C2
quizá	A1
quién	C2
qué	B1
química	B1
químico	B1
rabia	C1
rabino	B2
racha	C2
racheado	C2
raciocinio	C2
racionalismo	C2
racionalista	C2
racionar	C2
ración	B2
radiactivos	B2
radiante	C2
radical	C1
radio	A1
radiodifusión	C2
radiofónica	B2
radiofónico	B2
radiografía	B2
radiología	C1
radioterapia	C2
radioyente	C2
rafia	C2
rajar	C2
rallado	B2
rallador	C2
rallar	B2
rama	B1
ramadán	A2
ramaje	C2
ramillete	B2
ramo	B1
rancho	C2
rancio	C2
raparse	C1
rapidez	B2
raqueta	B1
rara	C1
raramente	C1
raro	B1
rascarse	B2
rasgado	C1
rasgo	C1
rasgos	C2
rasguño	C2
raso	C2
rastrillo	B2
ratero	C2
ratificar	C2
rato	B1
ratón	B1
raudo	C2
razonable	C1
razonablemente	C1
razonamiento	B2
razonar	C1
razón	C1
raíz	B2
re	B2
reactor	C2
reafirmante	C1
reafirmar	C2
real	B1
realidad	B1
realista	B1
realizable	C1
realizador	C1
realizar	C1
realmente	B2
realzar	C2
reanudar	C2
reaparecer	C1
rebaja	B2
rebajado	B2
rebajas	B1
rebanar	C2
rebasar	C2
rebatir	C2
rebaño	C1
rebeldía	B2
rebosante	C2
rebosar	C2
rebozar	B2
rebuscado	C2
recado	B2
recaer	C1
recalentar	B2
recapacitar	C2
recaída	C1
recelar	C2
recepcionista	B1
recepción	B1
recesión	C2
receta	A2
recetar	B2
rechazar	C1
rechazo	C1
rechinar	C2
rechoncho	C1
recibir	A2
recibo	B2
reciclado	B1
reciclaje	B1
reciclar	B1
reciclarse	C1
reciente	B2
recientemente	B2
recipiente	B2
recital	C1
recitar	B2
recién	B2
reclamar	C1
reclamo	C2
recluir	C2
recodo	C2
recogedor	B2
recoger	B2
recogerse	B2
recogida	B2
recolección	C1
recolectar	C2
recomendable	C1
recomendación	B2
recomendada	B2
reconocer	C1
reconocido	C1
reconocimiento	C1
reconsiderar	C1
recordar	B2
recorrer	B2
recorrido	B2
recortada	C1
recortar	C1
recortarse	B2
recostarse	C2
recreación	C1
recrear	B2
recreo	C2
recrudecerse	C2
recta	B2
rectangular	B1
rectificación	C1
rectificar	C1
rectitud	C2
recto	B1
rector	B2
rectorado	C1
rectángulo	B1
recubrimiento	C2
recuerdo	B2
recuperación	C2
recuperar	C2
recuperarse	C1
recurrente	C1
recurrentemente	C2
recurrir	C1
recursos	C2
red	B2
redacción	B1
redactar	B2
redactor	B2
redención	C1
redimirse	C2
redoblar	C2
redondeado	C1
redondeados	C2
redondear	C2
redondo	A2
reducción	C1
reducido	C1
reducir	B2
reductora	C1
redundancia	C2
redundante	C1
reduplicación	C2
reencarnación	C1
reencarnar	C1
reencarnarse	C1
reenviar	B1
referencias	B2
referirse	C1
referéndum	B2
refinado	C2
reflexionar	B2
reflexivamente	C1
reflexivo	B2
reflexión	B2
reforestar	C1
reforma	C1
reformar	C1
refracción	C2
refrendar	C2
refrescante	C1
refrescar	C2
refresco	B2
refrigerado	C2
refrigerar	C2
refrigerio	C2
refutable	C2
refutar	C2
regalar	A2
regalo	A2
regar	B1
regata	C2
regatear	C1
regateo	C2
regañar	C1
regentar	C2
regional	B1
registrar	B2
registrarse	B2
registro	C2
región	A2
regla	A2
reglada	C1
reglar	C2
regordete	C1
regulación	C2
regular	A1
regusto	C2
rehabilitación	C2
rehabilitar	C1
rehogar	C1
rehusar	C2
reina	A1
reinado	C1
reinante	C2
reinar	C2
reincidente	C2
reincidir	C2
reintegrar	C2
reintegro	C1
reiteradamente	C2
reiterar	C2
reivindicar	B2
rejuvenecer	C1
relacionar	B1
relacionarse	B2
relación	B2
relajante	B2
relamerse	C2
relatar	C1
relativa	C1
relativizar	C2
relato	B2
relevancia	C1
relieve	C2
religiosa	B1
religiosidad	C2
religioso	C1
religión	A1
reliquia	C2
rellenito	C1
reloj	A1
reluciente	C2
relámpago	B2
rematar	C1
remate	C1
remediable	C1
remediar	C2
rememoración	C2
rememorar	C2
remero	C2
remiendo	C2
remitente	B1
remitir	C1
remodelar	C2
remojo	C1
remolcar	C1
remolino	C1
remolón	C2
remorder	C2
remoto	C1
remunerar	C1
renal	C1
rencor	C1
rendición	C2
rendimiento	C1
rendir	C1
rendirse	C1
renegar	C2
renfe	B2
renovación	C1
renovar	C1
renta	C1
rentabilidad	C2
rentabilización	C2
rentabilizar	C1
reparación	B1
reparar	C1
repartidor	B2
repartir	B2
reparto	B2
repasar	B1
repatear	C2
repelente	C2
repeler	C2
repelús	C2
repensar	C2
repentino	C1
repercusión	C1
repetidamente	B2
repetidor	C1
repetir	A1
repetirse	C2
repetitivo	B2
repleto	C2
repoblar	C1
reponer	B2
reportero	B2
reposo	C1
reprender	C2
representación	B2
representante	B2
representar	C1
representativa	B2
representatividad	C2
representativo	C1
reprimir	C2
reprobar	C2
reprochar	C1
reproducción	C1
reproducir	C1
reproducirse	C1
reptar	C1
reptil	B1
republicano	B1
repuesto	C1
repuestos	C2
repugnante	C1
repugnar	C1
reputación	C1
república	B1
requerida	C1
requesón	C2
requete-	C2
requisar	C2
rereaparecer	C1
resaca	C2
resbaladizo	C1
rescindir	C2
resecar	C1
reseco	C1
resentimiento	C1
reservado	A2
reservar	A2
reseña	C2
resfriado	B1
resguardo	C1
residencia	B2
residencial	B1
residencias	C1
residente	C1
residir	C1
residuos	B2
resignación	C1
resignado	B2
resignarse	C2
resistencia	B2
resistente	B2
resistir	B2
resolver	C1
resonancia	C2
resonar	C1
respaldo	C2
respetable	C1
respetar	B2
respeto	B2
respetuoso	C1
respingona	C1
respirar	B1
respiratorio	C1
responder	A2
responsabilidad	B2
responsable	B1
responsablemente	C2
respuesta	A2
restablecer	C2
restar	B1
restauración	C2
restaurador	C2
restaurante	A1
restos	C2
resucitar	C1
resultado	B1
resultar	B2
resumen	B1
resumir	B2
resurrección	C1
retaguardia	C2
retintín	C2
retirado	C1
retirar	C1
retirarse	B2
reto	C1
retocar	C2
retomar	C1
retorcido	C2
retransmisión	C2
retransmitir	C1
retrasar	B2
retrasarse	B2
retraso	B1
retratista	C2
retrato	B2
retribución	C1
retribuir	C1
retroceder	B2
retroceso	C1
retroproyector	B2
retrospectivo	C1
retrovisor	C1
retumbar	C2
reunión	A2
revalorización	C2
revalorizarse	C2
revelación	C2
revelar	C2
reventado	C2
reverberación	C2
reverdecer	C2
reverencia	C2
reversible	C1
reverso	C2
revestido	C2
revestimiento	C2
revestimientos	C2
revisar	B2
revisión	B2
revista	B2
revivir	C1
revolución	B2
revolver	C2
revuelto	C1
rey	A1
rezagar	C2
rezar	B1
reñir	C1
riachuelo	C2
ribera	C1
rica	B2
ricino	C2
rico	A2
ricos	B1
ridículo	B2
riego	C1
riesgos	C1
rigidez	B2
rigurosa	C2
riguroso	C1
rima	C2
rimar	B2
riqueza	B1
ritmo	B2
rival	C1
rivalizar	C2
rizado	B1
rizarse	C2
rizo	C1
riñón	B2
robar	B1
robellón	C2
robo	B1
robot	B2
robusta	C2
robustez	C2
robusto	C1
robótica	C2
rociar	C2
rock	A2
rocosa	C1
rocoso	B2
rodaja	C1
rodaje	C1
rodar	B2
rodear	C1
rodilla	B1
roja	B2
rojo	A1
rollazo	C2
rollizo	C2
rollo	B1
romance	C1
romanticismo	B2
rombo	C1
romero	B2
rompecabezas	B2
rompeolas	C1
romper	B1
romperse	C1
rompible	C1
románico	B2
romántica	B1
ron	A2
ronca	C1
rondar	C2
ropa	A2
ropero	C2
roquefort	C1
rosa	A2
rosario	C1
rostro	C2
rotativo	C2
rotatorio	C2
rotonda	B2
rotulador	B2
rotundo	C1
rozadura	C2
rozar	C1
roña	C2
roñoso	C2
rubio	A1
ruborizarse	C1
rueda	A2
ruego	C2
rugido	C2
rugir	C1
rugoso	C1
ruido	A2
ruidoso	B1
rumbo	C1
rumor	B2
rumorear	C2
rural	B2
ruta	B2
rutina	B2
rutinario	B2
ráfaga	C1
rápida	A2
rápidamente	B1
rápido	A1
récord	C1
réplica	C2
rígido	B2
rímel	B2
río	A1
rítmico	B2
rústico	C1
sabana	C1
sabbat	A2
sabe	C2
saber	A1
sabido	C1
sabiduría	C1
sabio	C1
sabor	B2
saborcillo	C2
saborear	C1
sabroso	B2
sabático	B2
sabérselas	C2
sacacorchos	B2
sacar	C1
sacarse	C2
sacerdote	B1
saciar	C2
saco	B1
sacrilegio	C2
sacudida	C2
sacudir	C1
sagacidad	C2
sagradas	B2
sagrado	C1
sal	A2
sala	A1
salado	B1
salario	C1
salchichón	B1
saldar	C2
saldarse	C2
saldo	C1
sales	B2
salida	A1
salir	A1
salirle	B2
salirse	C2
saliva	B2
salmonete	B2
salmón	A2
salpicadura	C2
salpicar	C1
salpimentar	C2
salsa	A2
saltar	B1
saltarse	B2
saltear	C1
saltón	C1
salud	B1
saludable	C1
saludar	B2
saludo	B1
salvación	C1
salvaje	B1
salvapantallas	C1
salvar	C2
salvarse	C1
salón	A1
san	B1
sana	B1
sanatorio	B2
sancionar	C1
sanción	C1
sandalias	B1
saneamiento	C2
sanear	C1
sangre	C1
sangrienta	C2
sanitaria	C1
sanitario	C1
sano	B1
sanos	B2
sanseacabó	C2
santa	C1
santería	C2
santidad	C2
santo	B1
santón	C2
sapiencia	C2
saque	C2
sarampión	C2
sarcófago	C2
sardana	C2
sardina	A2
sartén	B1
satanás	C2
satinado	C1
satisfacción	C2
satisfactorio	C1
satisfecho	B2
saturada	C2
saturarse	C1
saturno	B2
satánica	B2
satélite	B1
satén	C2
sauna	B2
savia	B2
saxofón	B2
sazonar	C2
se	C1
seca	B2
secado	C1
secador	C1
secar	B1
secarse	B1
seco	A2
secreta	C1
secretaría	B1
secta	B2
sector	B2
secuencia	C1
secuenciar	C1
secuestrador	B2
secuestrar	B2
secuestro	B2
secular	C2
secundaria	B2
secundario	B2
secundarios	B2
sed	A2
seda	B1
sedante	C2
sede	C1
sedentario	B2
sediento	C1
sedoso	C1
seducir	B2
seductor	C1
segar	C2
segmento	C2
segregación	C2
segregar	C1
seguidamente	B2
seguido	C1
seguidor	C1
seguimiento	C1
seguir	A2
segunda	B2
segundas	C2
segundo	B1
segundos	B2
seguridad	B1
seguro	B1
seguros	B1
seleccionar	B1
sellar	C1
sello	A1
sellos	B1
selva	B1
selvática	C1
semana	A1
semanal	B2
semanalmente	B2
semanario	C2
semanas	A2
semblante	C2
sembrar	C1
semestral	C1
semicorchea	C2
semifinal	C1
semifusa	C2
semilla	C1
seminario	B2
semáforo	B1
senado	B1
senador	B2
sencillez	C1
sencillo	B1
senda	C2
senderismo	B1
senderista	B1
senectud	C2
senil	C2
sensacional	C1
sensación	C1
sensato	C1
sensibilidad	B2
sensible	B1
sentado	B1
sentar	B1
sentarse	A2
sentencia	B2
sentenciar	C2
sentido	B2
sentimental	B2
sentimiento	B1
sentir	B2
sentirse	C1
separación	B2
separado	B1
separar	B1
separarse	A2
sepelio	C2
septentrional	C2
septuagenario	C2
sepulcro	C2
sepultar	C2
sepultura	C2
sequedad	C2
sequía	B2
ser	A1
serenar	C2
serie	C1
seriedad	B2
serio	B2
sermonear	C2
serpiente	B1
serrano	A2
servicio	B2
servicios	B1
servidor	B2
servilleta	A2
servir	B1
servirse	C1
sesentón	C2
sesgado	C2
sesión	B2
seta	B2
seudónimo	C1
severa	C2
sexagenario	C2
sexo	A2
señal	C2
señalar	B2
señor	A1
señora	A1
señores	A1
señorial	C2
si	C2
siamés	C2
sida	B1
sideral	C2
siderúrgica	B2
siembra	C2
siempre	A1
sierra	C1
sietemesino	C2
sigilo	C2
siglo	B1
siglos	B2
significar	C2
signo	B2
siguiente	B1
silbar	B2
silbido	C1
silenciar	C2
silencio	B1
silencioso	B1
silla	A1
sillón	A1
silueta	C1
silvestre	B2
simbólico	C1
simpatizar	C2
simpatía	C1
simple	B1
simplicidad	B2
simposio	C2
simpático	A1
simulación	B2
simulacro	C2
simular	C1
simultanear	C2
simultaneidad	C1
simultáneamente	B2
simultáneo	B2
sin	A1
sinceramente	B2
sinceridad	B2
sincero	B1
sincretismo	C2
sincronizado	C1
sincronizar	C1
sincronía	C2
sincrónicamente	C2
sincrónico	C2
sindicarse	C1
sindicato	B1
sinfonía	B2
sinfín	C2
singladura	C2
singular	C2
siniestro	C2
sino	C2
sinopsis	C2
sintetizar	C1
sintonizar	C2
sintética	C2
sintético	B1
sinuosidad	C2
sinuoso	C2
sirena	B2
siroco	C2
sistema	C1
sitiar	C2
sitio	B1
situación	B2
situado	B2
situar	C1
sobado	C1
soberanía	C2
soborno	C1
sobrado	C2
sobrar	B2
sobrasada	C1
sobre	B1
sobrecarga	C1
sobrecargada	C2
sobrecargar	C1
sobrecoger	C2
sobreexpuesta	C2
sobrellevar	C2
sobrepasar	C2
sobreproteger	C1
sobresaliente	C1
sobresalir	C2
sobrestimar	C2
sobrevenir	C2
sobrevivir	B2
sobrevolar	C1
sobrino	A1
sobrio	C1
sociabilidad	C1
sociable	A1
social	B2
socialismo	B2
socialista	B1
sociedad	B2
socio	A2
sociología	B1
sociólogo	B1
socorrer	C1
socorro	A2
sofista	C1
sofoco	C2
sofreír	C1
sofá	A1
sol	A1
solamente	B1
solapa	C2
solar	C1
solariega	C2
solariego	C2
soldado	B1
soldar	C2
soleado	B1
solemne	B2
solfeo	C2
solicitar	B2
solicitud	B2
solidaridad	B2
solidario	B2
solidez	B2
solidificar	C2
solista	C1
solo	B1
solomillo	B1
solsticio	C2
soltar	B1
soltarse	C2
soltero	A1
soltura	C2
sombra	B2
sombrear	C2
sombrero	A2
sombrilla	B1
sombrío	C2
someter	C1
someterse	C2
somnolencia	C2
sonar	B1
sonata	C1
soneto	C2
sonido	B1
sonidos	C1
soniquete	C2
sonora	B2
sonoridad	C2
sonoro	C1
sonreírle	C1
sonrojarse	C1
sonsonete	C2
sopa	A1
sopera	B2
sopero	C1
soplar	B2
soplo	C2
sopor	C2
soportar	C1
soporífero	C2
soprano	C1
sorber	C1
sorbete	B2
sorbo	C1
sordo	B2
sorprendente	B2
sorprender	B2
sorprenderse	B2
sorprendido	B2
sortear	C2
soso	B2
sospecha	C1
sospechar	C1
sospechoso	B2
sostener	C1
sostenido	C1
sota	C2
sotana	C2
soy	C2
soñar	B1
su	C2
suave	B1
suaves	C2
suavizante	B2
suavizar	C1
subasta	C1
subastar	C1
subcontratar	C1
subdirector	B2
subestimar	C2
subida	B1
subir	A2
subirse	C1
subjetiva	C2
subjetividad	C2
subjetivo	B2
sublevación	C1
sublime	C2
submarino	B2
subrayar	B2
subrogación	C2
subrogar	C2
subsanar	C2
subsiguiente	C2
subsistir	C2
subtitulada	B1
subtítulo	B2
succionar	C1
suceder	B2
sucederse	C2
sucesivamente	C1
sucesivo	C2
sucesión	C1
suceso	B2
sucesor	C1
sucia	B2
suciedad	B2
sucio	A2
sucios	A2
suculento	C2
sucursal	C1
sudar	B2
sudeste	A2
sudor	B2
suegro	B2
sueldo	B1
suelo	A2
suelto	B1
suerte	B1
sueño	B1
suficiente	B1
sufrimiento	C1
sufrir	C1
sugerencia	B2
sugerir	B2
suite	B2
sujetador	A2
sujetar	B2
sumamente	C2
sumar	B1
sumergida	C1
sumergir	C1
sumiller	C2
suministrar	C1
suministro	C1
sumirse	C1
sumisión	C2
super-	B2
superar	C1
superdotado	C1
superficial	B2
superficie	B2
superior	C1
superiores	B2
superpoblación	B2
supino	C2
suplemento	B1
suplente	C1
supletorio	C1
suponer	B1
supositorio	B2
suprema	C2
suprimir	C1
supurar	C2
sur	A1
surgir	C1
suroeste	A2
surrealista	B2
surtidor	C1
surtir	C1
susceptibilidad	C1
susceptible	B2
suscitar	C1
suscribirse	B2
suspender	B2
suspensión	C2
sustancia	C1
sustancial	C2
sustancialmente	C2
sustituir	C1
sustituto	B1
sustracción	C2
susurrar	C1
susurro	C1
sándwich	A1
sí	A1
sílabo	C2
símbolo	B1
síntesis	C1
síntoma	B2
síntomas	B2
sólido	B1
sólidos	C2
súper	B1
súplica	C2
taberna	C1
tabique	C2
tabla	C1
tablero	B1
tablón	C1
tac	B2
tacaño	B2
tachar	C2
taconear	C2
tacto	C1
tajada	C2
tal	B1
talante	C2
talar	B2
talasoterapia	C2
talento	C1
talla	A2
tallado	C2
tallaje	C2
tallar	C2
taller	B2
talonario	B2
talón	C2
tamaño	B1
tambalearse	C1
tan	A2
tangible	C2
tango	A2
tanque	B2
tapa	A2
tapar	C1
tapear	B2
tapiz	C1
tapizado	C1
tapizar	C1
tapón	B2
taquilla	B2
tara	C2
tararear	C2
tardanza	C2
tardar	B1
tarde	A1
tardes	A2
tardío	C1
tareas	C1
tarifa	C1
tarima	C2
tarjeta	A1
tarta	A2
tartamudear	C2
tasa	C1
tasación	C1
tasado	C2
tasar	C2
tasca	C1
tatarabuelo	B2
tataranieto	C1
taxi	A1
taxista	A1
taza	A2
tazón	B2
teatral	B2
teatro	A1
techo	A2
tecla	B1
teclado	B1
tecnología	A2
tecnológica	C1
tecnológico	B2
tedio	C2
tejido	C1
tela	A2
teleadicto	B2
telebasura	B1
telefonear	B2
telefonía	C1
telefónica	B2
telegráfico	B2
telenovela	B1
telescopio	C1
telespectador	B2
teletipo	C2
televidente	C2
televisar	C1
televisivo	B2
televisión	A1
televisor	C1
teléfono	A1
tema	B2
temblar	C1
temblor	B2
temer	C1
temeraria	C2
temerario	C1
temerse	C1
temor	B2
temperamento	B2
temperatura	B1
temperaturas	C1
templado	B1
templo	C1
temporada	B2
temporal	B2
temporales	C1
temprano	A1
temático	B2
tenaz	C2
tenazmente	C2
tendencia	C1
tendencioso	C2
tender	B1
tendero	C2
tenderse	C2
tendido	C2
tendón	B2
tenedor	B1
tener	A1
tenor	C1
tensión	B2
tenso	B2
tentempié	C2
tenue	B2
teología	C1
teoría	B2
terapia	C1
terapéutico	B2
tercer	B1
tercera	B2
terciario	C1
tercio	B2
terciopelo	C1
tergiversar	C2
termales	C1
terminado	B1
terminal	B1
terminar	A1
termo	C1
termoterapia	C2
termómetro	B1
ternera	A2
ternura	B2
terraza	A1
terremoto	B1
terreno	C1
terrestre	B2
terrible	B2
territorial	B2
terror	B2
terrorismo	B1
terrorista	B1
terráqueo	C2
tersa	C1
terso	C2
tesina	C1
tesis	C1
tesoro	C2
test	B1
testamento	B2
testificar	C2
testigo	B2
textil	B2
texto	B1
textual	C1
textualmente	B2
textura	B2
tez	C2
teñido	B2
teñir	B2
teñirse	C1
teórica	B1
teórico	C1
tibia	C2
tibio	C1
tiempo	A1
tiempos	B2
tienda	A1
tierno	B2
tierra	B1
tieso	C1
tifón	C2
tigre	B1
tijeras	B2
tildar	C2
timbre	B2
timidez	B2
tinta	B1
tinto	A2
tipo	B1
tirabeque	C2
tirada	C2
tirador	C2
tirante	C1
tiranía	C2
tirar	B1
tirarse	B2
tirita	B1
tiritando	C1
tiritar	C1
tisana	C2
titubear	C2
titubeo	C2
titulación	C1
titular	B2
titularse	B2
toalla	A2
tobillo	B1
tocar	B1
tocarle	B2
tocarse	C2
toda	A2
todas	A2
todavía	A2
todo	A1
todos	A1
todoterreno	C1
toga	C2
tolerancia	C1
tolerante	A2
tolerar	C2
toma	C2
tomar	C1
tomarse	C2
tomate	A2
tomillo	B2
tonalidad	C1
tonel	C2
tonelada	B2
toneladas	C1
tono	B2
tontería	B2
tonto	C1
topografía	C2
topográfico	C2
torcer	C1
torcerse	B2
torcido	C1
tormenta	A2
tormentosa	C1
tornado	C2
tornar	C2
torneo	C1
torpe	C1
torpedo	C1
torpeza	C2
torre	C1
torrencial	C1
tortilla	A1
tortuoso	C2
torá	B1
torácico	C2
tos	A2
tosco	C2
total	B1
totalidad	C1
totalitario	B2
totalmente	B2
trabajador	A1
trabajadora	B2
trabajar	A1
trabajo	A1
trabar	C2
tracción	C2
tractor	B2
tradicional	B2
tradición	B1
traductor	B1
traer	A2
traficar	C2
tragar	C2
tragedia	B2
tragicomedia	B2
trago	C1
tragón	C1
traicionar	C2
traición	C1
traje	A2
trama	C1
tramar	C2
tramitar	C1
tramo	C1
tramontano	C2
tranquila	C1
tranquilidad	B1
tranquilizarse	C2
tranquilo	A2
transacción	C2
transatlántico	C1
transcurrir	C2
transcurso	C2
transexual	B1
transeúnte	C2
transferencia	C1
transfiguración	C2
transformable	C1
transformación	B2
transformador	C1
transformar	B2
transformarse	C1
transfusión	B2
transgredir	C2
transición	C1
translúcido	C2
transmisión	C1
transmitir	C1
transparencia	C1
transparente	B2
transpiración	B2
transpirar	B2
transportar	B2
transporte	A2
transportes	B1
transversal	C2
tranvía	B1
trapecio	C2
trapichear	C2
trapicheo	C2
trapo	B2
tras	C1
trasbordador	C1
trascendencia	C1
trasera	C1
trasero	B2
trasladar	B2
trasladarse	B2
traslado	B2
trasnochar	C1
traspapelarse	C1
traspasar	C1
traspié	C2
trasplantar	B2
trasplante	C2
trastero	C2
trastienda	C2
trastorno	C1
tratado	B2
tratamiento	B2
tratante	C2
tratar	B1
traumatismo	C2
traumatología	C2
traumatólogo	B2
travesía	C1
travieso	B1
trayecto	B2
trayectoria	C1
trazar	C2
trecho	C1
tregua	C2
treintañero	C1
tren	A1
trepadora	B2
trepar	C1
trepidante	C2
tres	B2
triangular	B1
tribu	B2
tribuna	C1
tribunal	B2
tributo	C2
trienio	C2
trillado	C2
trillar	C2
trillizos	B2
trimestral	C1
trinchera	C2
triplicar	B2
tripulación	B2
tripular	C1
triste	B2
tristeza	B2
triturar	C2
triunfal	C2
triunfalmente	C1
triunfante	C2
triunfar	B2
triunfo	B2
trivial	C2
triángulo	B1
trocar	C2
trocear	B2
trofeo	B2
trompa	C1
trompeta	B2
tronar	C1
troncal	C1
tronco	B1
tropa	C1
tropezar	B2
tropical	B2
tropiezo	C2
trotar	C1
trozo	B1
trucar	C2
trueno	B2
trueque	C2
tráfico	B1
tránsito	C1
tréboles	C2
trío	C1
trípode	C2
trópico	B2
tubo	C2
tufo	C2
tumba	B2
tumbado	B2
tumbarse	B2
tumor	C2
tuna	C2
tupida	C1
tupido	C2
turbio	C2
turismo	A1
turista	A1
turnar	C1
turno	C1
turquesa	C1
tutear	B2
tutor	B2
tácito	C2
táctil	C1
té	A1
técnica	B2
técnico	B2
térmico	C2
tímido	A1
tímpano	C1
tío	A1
típica	B1
típico	A2
título	C1
tórrido	C2
tóxico	B1
tóxicos	B2
túnel	B1
túnica	C2
ubicación	C1
ubicado	C1
ubicar	C2
uci	C1
ulterior	C2
ulteriormente	C2
ultimar	C2
ultramarino	C2
ultramarinos	C2
un	A1
una	A2
unas	B2
unass	B2
unidad	A1
unidades	C1
unido	B2
uniforme	C1
unir	B2
unirse	C1
universal	B2
universidad	A1
universitaria	A2
universitario	B2
universitarios	B2
universo	B1
unión	B1
uno	B2
unos	B1
urbana	B2
urbanidad	C1
urbanizable	C2
urbanización	B2
urbanizada	C1
urbano	B2
urbanística	C2
urbe	C2
urdir	C2
urgencia	B2
urgencias	A2
urgente	B1
urgir	C2
urna	B2
usado	B2
usar	B1
uso	B2
usual	C1
usualmente	C1
usuario	B1
usuarios	B1
usufructo	C2
utensilio	C1
utilidad	C1
utilitario	C2
utilizable	C1
utilización	C2
utilizar	B1
utopía	C1
uvi	C1
uña	B2
vaca	A2
vacacional	B2
vacaciones	A1
vacación	B1
vacante	B2
vaciar	B1
vacilación	C2
vacilar	C2
vacuna	B1
vacunación	C2
vacunarse	B2
vacuno	C1
vacío	B1
vagar	C1
vago	B1
vaguear	C1
vaguedad	C2
vagón	B2
vaho	C2
vainilla	A2
vaivén	C2
vajilla	C1
vale	A2
valentía	B2
valer	A2
valeriana	C2
validar	C2
validez	B2
valija	C2
valioso	C1
valle	B1
valor	B2
valoración	C1
valorado	C1
valorar	C1
valores	C1
valorizarse	C2
vamos	B1
van	C1
vanguardista	C1
vano	C2
vapor	B2
vaqueros	A1
variable	B2
variación	C1
variar	C1
varicela	C2
variedad	C1
varios	B1
varón	B1
vaso	A2
vasto	C2
vaticinar	C2
vaya	C2
veces	A2
vecinal	C1
vecindario	B2
vecino	C1
vegetación	C1
vegetal	C1
vegetariano	A2
vehículo	C1
vejez	B2
vela	C1
velada	C2
velado	C2
velar	C2
velero	C2
vello	C1
velo	C2
velocidad	B1
veloz	C1
velozmente	C1
vencer	B2
vencimiento	C1
venda	B2
vendar	B2
vendaval	C2
vendedor	A1
vender	C2
vendimia	C2
venenosa	B2
venerar	C2
venga	B2
venial	C1
venidero	C2
venir	A1
venirle	C1
venta	B1
ventaja	C1
ventajoso	C1
ventana	A1
ventanilla	B1
ventisca	C2
venus	B2
ver	A1
veracidad	C2
veraneante	C1
veranear	C1
veraneo	C1
veraniego	B2
verano	A1
veraz	C2
verbalizar	C1
verbalmente	C2
verdad	A2
verdaderamente	C1
verde	A1
verdes	A1
verdura	A1
verduras	C1
vereda	C2
veredicto	C2
veremos	B2
verlo	B2
verosimilitud	C2
verosímil	C2
verse	C1
versión	B2
verso	B2
versátil	C2
vertebrado	C1
vertedero	C1
verter	C1
vertical	B1
verticalidad	C2
vertiente	C2
vertiginoso	C1
vestido	B1
vestir	C1
vestuario	B2
vestíbulo	B2
veta	C2
veterano	C1
veterinaria	B1
veterinario	B1
vetusto	C2
vez	A2
viabilidad	C2
viable	C2
viajar	A1
viaje	A2
vial	C2
viandante	C2
vibración	C1
vicepresidente	B1
vicio	B2
victoria	B1
victoriosamente	C1
victorioso	C2
vida	B1
videoconferencia	B2
videojuego	B1
vidrio	B1
viejo	A1
viento	A1
vientre	C1
viga	C2
vigencia	C2
vigente	C2
vigilada	C1
vigilancia	B2
vigilante	B1
vigilar	C1
vigilia	C2
vigorosidad	C2
vigoroso	C1
vilipendiar	C2
villa	C1
villancico	C1
vinagre	B1
vinagreta	C1
vinculado	C2
vincular	C2
vincularse	C1
vino	A2
violación	B2
violar	C2
violencia	B2
violenta	C1
violinista	B1
violonchelo	B2
violín	A2
viraje	C2
virar	C2
virgen	B2
virtual	C1
virtualidad	C2
virtuoso	C2
virus	A2
visado	B1
visceral	C2
viscosidad	C2
viscoso	C2
visibilidad	C1
visible	B1
visibles	C1
visillo	C1
visiones	C2
visitar	A2
visión	B2
vista	B2
vistas	A2
vistoso	C2
visual	C1
visón	C2
vital	C1
vitalicia	C2
vitalicio	C2
vitaminas	B1
vitrina	C1
viudo	A1
vivero	C2
vivienda	B2
vivir	A1
vocación	C1
vocear	C2
volador	B2
volante	C1
volar	C2
volcarse	C1
volcánico	B2
volumen	B2
voluminoso	C1
voluntariado	C1
voluntario	B1
volver	A1
volverse	B2
vomitar	B2
voraz	C2
votante	B2
votar	B2
voto	B2
voz	B1
vuelco	C2
vuelo	A2
vuelta	B1
vulgar	C1
vulgaridad	C2
vulnerabilidad	C1
vulnerar	C2
válido	C1
vértebra	C1
vía	B2
víctima	B2
vídeo	A1
víspera	B2
web	B1
xenofobia	C2
ya	A2
yacente	C2
yacer	C2
yarda	C2
yema	B1
yermo	C2
yerno	B2
yeso	C1
yogur	A2
york	A2
yuxtaponer	C2
yuxtapuesto	C2
zambullir	C1
zampar	C2
zanahoria	A2
zanjar	C2
zapatear	C2
zapatillas	B1
zapatos	A1
zapear	B2
zarpar	C2
zarrapastroso	C2
zigzag	C1
zoco	C2
zona	B1
zonas	C1
zoo	A2
zoología	C1
zoológico	A2
zum	B1
zumbido	C2
zumo	A2
ácaros	C2
ácido	C2
ácidos	C1
áfrica	B1
ágil	B2
águila	C1
álbum	B1
álgebra	B2
ángulo	B2
árbitro	B1
árbol	A1
área	B2
árido	C1
ártico	B1
áspero	B2
ático	B2
átomo	B2
ávidamente	C2
época	B2
ética	C1
éticamente	C1
étnica	B2
éxito	B1
éxodo	C2
ímprobo	C2
índice	B2
índole	C2
íntegro	C2
íntimamente	C2
íntimo	B2
írsele	C1
óbito	C2
ópera	A2
óptica	B2
óptico	B2
óptimas	B2
óptimo	C1
órbita	C1
órganos	C1
óseo	C2
óvulo	C1
óvulos	C1
óxidos	C1
úlcera	C1
últimamente	B1
último	B1
únete	C2
única	A2
únicamente	B2
único	B1
útil	A2
